"TOA5","CR200Series_304","CR2xx","","v05","Sapflux2sensor.","63887","Table2"
"TIMESTAMP","RECORD","BattV_Min","id","SDI1","SapFlwTot1","VhOut1","VhIn1","AlphaOut1","AlphaIn1","BetaOut1","BetaIn1","tMaxTout1","tMaxTin1"
"TS","RN","Volts","","","unit","unit","unit","unit","unit","unit","unit","unit","unit"
"","","Min","Smp","Smp","Smp","Smp","Smp","Smp","Smp","Smp","Smp","Smp","Smp"
"2025-02-18 11:30:00",14697,13.30762,304,1,"NAN","NAN","NAN","NAN","NAN","NAN","NAN","NAN","NAN"
"2025-02-18 12:00:00",14698,13.18423,304,1,"NAN","NAN","NAN","NAN","NAN","NAN","NAN","NAN","NAN"
"2025-02-18 12:30:00",14699,13.0793,304,1,"NAN","NAN","NAN","NAN","NAN","NAN","NAN","NAN","NAN"
"2025-02-18 13:00:00",14700,13.00459,304,1,"NAN","NAN","NAN","NAN","NAN","NAN","NAN","NAN","NAN"
"2025-02-18 13:30:00",14701,12.92232,304,1,"NAN","NAN","NAN","NAN","NAN","NAN","NAN","NAN","NAN"
"2025-02-18 14:00:00",14702,12.93491,304,1,"NAN","NAN","NAN","NAN","NAN","NAN","NAN","NAN","NAN"
"2025-02-18 14:30:00",14703,12.93156,304,1,"NAN","NAN","NAN","NAN","NAN","NAN","NAN","NAN","NAN"
"2025-02-18 15:00:00",14704,12.93827,304,1,"NAN","NAN","NAN","NAN","NAN","NAN","NAN","NAN","NAN"
"2025-02-18 15:30:00",14705,12.95254,304,1,"NAN","NAN","NAN","NAN","NAN","NAN","NAN","NAN","NAN"
"2025-02-18 16:00:00",14706,12.9601,304,1,"NAN","NAN","NAN","NAN","NAN","NAN","NAN","NAN","NAN"
"2025-02-18 16:30:00",14707,12.96597,304,1,"NAN","NAN","NAN","NAN","NAN","NAN","NAN","NAN","NAN"
"2025-02-18 17:00:00",14708,12.94079,304,1,"NAN","NAN","NAN","NAN","NAN","NAN","NAN","NAN","NAN"
"2025-02-18 17:30:00",14709,12.97856,304,1,"NAN","NAN","NAN","NAN","NAN","NAN","NAN","NAN","NAN"
"2025-02-18 18:00:00",14710,12.97521,304,1,"NAN","NAN","NAN","NAN","NAN","NAN","NAN","NAN","NAN"
"2025-02-18 18:30:00",14711,12.97269,304,1,"NAN","NAN","NAN","NAN","NAN","NAN","NAN","NAN","NAN"
"2025-02-18 19:00:00",14712,12.97017,304,1,"NAN","NAN","NAN","NAN","NAN","NAN","NAN","NAN","NAN"
"2025-02-18 19:30:00",14713,12.96681,304,1,"NAN","NAN","NAN","NAN","NAN","NAN","NAN","NAN","NAN"
"2025-02-18 20:00:00",14714,12.96177,304,1,"NAN","NAN","NAN","NAN","NAN","NAN","NAN","NAN","NAN"
"2025-02-18 20:30:00",14715,12.96177,304,1,"NAN","NAN","NAN","NAN","NAN","NAN","NAN","NAN","NAN"
"2025-02-18 21:00:00",14716,12.9517,304,1,"NAN","NAN","NAN","NAN","NAN","NAN","NAN","NAN","NAN"
"2025-02-18 21:30:00",14717,12.94499,304,1,"NAN","NAN","NAN","NAN","NAN","NAN","NAN","NAN","NAN"
"2025-02-18 22:00:00",14718,12.94918,304,1,"NAN","NAN","NAN","NAN","NAN","NAN","NAN","NAN","NAN"
"2025-02-18 22:30:00",14719,12.9475,304,1,"NAN","NAN","NAN","NAN","NAN","NAN","NAN","NAN","NAN"
"2025-02-18 23:00:00",14720,12.94499,304,1,"NAN","NAN","NAN","NAN","NAN","NAN","NAN","NAN","NAN"
"2025-02-18 23:30:00",14721,12.9475,304,1,"NAN","NAN","NAN","NAN","NAN","NAN","NAN","NAN","NAN"
"2025-02-19 00:00:00",14722,12.94247,304,1,"NAN","NAN","NAN","NAN","NAN","NAN","NAN","NAN","NAN"
"2025-02-19 00:30:00",14723,12.94666,304,1,"NAN","NAN","NAN","NAN","NAN","NAN","NAN","NAN","NAN"
"2025-02-19 01:00:00",14724,12.94499,304,1,"NAN","NAN","NAN","NAN","NAN","NAN","NAN","NAN","NAN"
"2025-02-19 01:30:00",14725,12.93827,304,1,"NAN","NAN","NAN","NAN","NAN","NAN","NAN","NAN","NAN"
"2025-02-19 02:00:00",14726,12.93659,304,1,"NAN","NAN","NAN","NAN","NAN","NAN","NAN","NAN","NAN"
"2025-02-19 02:30:00",14727,12.93911,304,1,"NAN","NAN","NAN","NAN","NAN","NAN","NAN","NAN","NAN"
"2025-02-19 03:00:00",14728,12.94163,304,1,"NAN","NAN","NAN","NAN","NAN","NAN","NAN","NAN","NAN"
"2025-02-19 03:30:00",14729,12.94583,304,1,"NAN","NAN","NAN","NAN","NAN","NAN","NAN","NAN","NAN"
"2025-02-19 04:00:00",14730,12.9475,304,1,"NAN","NAN","NAN","NAN","NAN","NAN","NAN","NAN","NAN"
"2025-02-19 04:30:00",14731,12.93827,304,1,"NAN","NAN","NAN","NAN","NAN","NAN","NAN","NAN","NAN"
"2025-02-19 05:00:00",14732,12.93743,304,1,"NAN","NAN","NAN","NAN","NAN","NAN","NAN","NAN","NAN"
"2025-02-19 05:30:00",14733,12.93575,304,1,"NAN","NAN","NAN","NAN","NAN","NAN","NAN","NAN","NAN"
"2025-02-19 06:00:00",14734,12.94163,304,1,"NAN","NAN","NAN","NAN","NAN","NAN","NAN","NAN","NAN"
"2025-02-19 06:30:00",14735,12.93911,304,1,"NAN","NAN","NAN","NAN","NAN","NAN","NAN","NAN","NAN"
"2025-02-19 07:00:00",14736,12.94079,304,1,"NAN","NAN","NAN","NAN","NAN","NAN","NAN","NAN","NAN"
"2025-02-19 07:30:00",14737,12.94079,304,1,"NAN","NAN","NAN","NAN","NAN","NAN","NAN","NAN","NAN"
"2025-02-19 08:00:00",14738,12.93659,304,1,"NAN","NAN","NAN","NAN","NAN","NAN","NAN","NAN","NAN"
"2025-02-19 08:30:00",14739,12.93911,304,1,"NAN","NAN","NAN","NAN","NAN","NAN","NAN","NAN","NAN"
"2025-02-19 09:00:00",14740,12.93827,304,1,"NAN","NAN","NAN","NAN","NAN","NAN","NAN","NAN","NAN"
"2025-02-19 09:30:00",14741,12.93575,304,1,"NAN","NAN","NAN","NAN","NAN","NAN","NAN","NAN","NAN"
"2025-02-19 10:00:00",14742,12.93659,304,1,"NAN","NAN","NAN","NAN","NAN","NAN","NAN","NAN","NAN"
"2025-02-19 10:30:00",14743,12.94666,304,1,"NAN","NAN","NAN","NAN","NAN","NAN","NAN","NAN","NAN"
"2025-02-19 11:00:00",14744,12.94247,304,1,"NAN","NAN","NAN","NAN","NAN","NAN","NAN","NAN","NAN"
"2025-02-19 11:30:00",14745,12.94499,304,1,"NAN","NAN","NAN","NAN","NAN","NAN","NAN","NAN","NAN"
"2025-02-19 12:00:00",14746,12.94079,304,1,"NAN","NAN","NAN","NAN","NAN","NAN","NAN","NAN","NAN"
"2025-02-19 12:30:00",14747,12.94918,304,1,"NAN","NAN","NAN","NAN","NAN","NAN","NAN","NAN","NAN"
"2025-02-19 13:00:00",14748,12.9475,304,1,"NAN","NAN","NAN","NAN","NAN","NAN","NAN","NAN","NAN"
"2025-02-19 13:30:00",14749,12.9475,304,1,"NAN","NAN","NAN","NAN","NAN","NAN","NAN","NAN","NAN"
"2025-02-19 14:00:00",14750,12.93911,304,1,"NAN","NAN","NAN","NAN","NAN","NAN","NAN","NAN","NAN"
"2025-02-19 14:30:00",14751,12.93827,304,1,"NAN","NAN","NAN","NAN","NAN","NAN","NAN","NAN","NAN"
"2025-02-19 15:00:00",14752,12.93407,304,1,"NAN","NAN","NAN","NAN","NAN","NAN","NAN","NAN","NAN"
"2025-02-19 15:30:00",14753,12.93911,304,1,"NAN","NAN","NAN","NAN","NAN","NAN","NAN","NAN","NAN"
"2025-02-19 16:00:00",14754,12.93743,304,1,"NAN","NAN","NAN","NAN","NAN","NAN","NAN","NAN","NAN"
"2025-02-19 16:30:00",14755,12.93911,304,1,"NAN","NAN","NAN","NAN","NAN","NAN","NAN","NAN","NAN"
"2025-02-19 17:00:00",14756,12.93827,304,1,"NAN","NAN","NAN","NAN","NAN","NAN","NAN","NAN","NAN"
"2025-02-19 17:30:00",14757,12.92568,304,1,"NAN","NAN","NAN","NAN","NAN","NAN","NAN","NAN","NAN"
"2025-02-19 18:00:00",14758,12.93491,304,1,"NAN","NAN","NAN","NAN","NAN","NAN","NAN","NAN","NAN"
"2025-02-19 18:30:00",14759,12.92484,304,1,"NAN","NAN","NAN","NAN","NAN","NAN","NAN","NAN","NAN"
"2025-02-19 19:00:00",14760,12.92568,304,1,"NAN","NAN","NAN","NAN","NAN","NAN","NAN","NAN","NAN"
"2025-02-19 19:30:00",14761,12.93156,304,1,"NAN","NAN","NAN","NAN","NAN","NAN","NAN","NAN","NAN"
"2025-02-19 20:00:00",14762,12.93575,304,1,"NAN","NAN","NAN","NAN","NAN","NAN","NAN","NAN","NAN"
"2025-02-19 20:30:00",14763,12.92988,304,1,"NAN","NAN","NAN","NAN","NAN","NAN","NAN","NAN","NAN"
"2025-02-19 21:00:00",14764,12.93323,304,1,"NAN","NAN","NAN","NAN","NAN","NAN","NAN","NAN","NAN"
"2025-02-19 21:30:00",14765,12.92736,304,1,"NAN","NAN","NAN","NAN","NAN","NAN","NAN","NAN","NAN"
"2025-02-19 22:00:00",14766,12.93239,304,1,"NAN","NAN","NAN","NAN","NAN","NAN","NAN","NAN","NAN"
"2025-02-19 22:30:00",14767,12.9282,304,1,"NAN","NAN","NAN","NAN","NAN","NAN","NAN","NAN","NAN"
"2025-02-19 23:00:00",14768,12.89714,304,1,"NAN","NAN","NAN","NAN","NAN","NAN","NAN","NAN","NAN"
"2025-02-19 23:30:00",14769,12.92736,304,1,"NAN","NAN","NAN","NAN","NAN","NAN","NAN","NAN","NAN"
"2025-02-20 00:00:00",14770,12.93239,304,1,"NAN","NAN","NAN","NAN","NAN","NAN","NAN","NAN","NAN"
"2025-02-20 00:30:00",14771,12.93239,304,1,"NAN","NAN","NAN","NAN","NAN","NAN","NAN","NAN","NAN"
"2025-02-20 01:00:00",14772,12.92232,304,1,"NAN","NAN","NAN","NAN","NAN","NAN","NAN","NAN","NAN"
"2025-02-20 01:30:00",14773,12.93156,304,1,"NAN","NAN","NAN","NAN","NAN","NAN","NAN","NAN","NAN"
"2025-02-20 02:00:00",14774,12.92568,304,1,"NAN","NAN","NAN","NAN","NAN","NAN","NAN","NAN","NAN"
"2025-02-20 02:30:00",14775,12.89714,304,1,"NAN","NAN","NAN","NAN","NAN","NAN","NAN","NAN","NAN"
"2025-02-20 03:00:00",14776,12.92652,304,1,"NAN","NAN","NAN","NAN","NAN","NAN","NAN","NAN","NAN"
"2025-02-20 03:30:00",14777,12.92904,304,1,"NAN","NAN","NAN","NAN","NAN","NAN","NAN","NAN","NAN"
"2025-02-20 04:00:00",14778,12.92736,304,1,"NAN","NAN","NAN","NAN","NAN","NAN","NAN","NAN","NAN"
"2025-02-20 04:30:00",14779,12.92064,304,1,"NAN","NAN","NAN","NAN","NAN","NAN","NAN","NAN","NAN"
"2025-02-20 05:00:00",14780,12.93156,304,1,"NAN","NAN","NAN","NAN","NAN","NAN","NAN","NAN","NAN"
"2025-02-20 05:30:00",14781,12.93239,304,1,"NAN","NAN","NAN","NAN","NAN","NAN","NAN","NAN","NAN"
"2025-02-20 06:00:00",14782,12.92568,304,1,"NAN","NAN","NAN","NAN","NAN","NAN","NAN","NAN","NAN"
"2025-02-20 06:30:00",14783,12.93156,304,1,"NAN","NAN","NAN","NAN","NAN","NAN","NAN","NAN","NAN"
"2025-02-20 07:00:00",14784,12.88958,304,1,"NAN","NAN","NAN","NAN","NAN","NAN","NAN","NAN","NAN"
"2025-02-20 07:30:00",14785,12.92988,304,1,"NAN","NAN","NAN","NAN","NAN","NAN","NAN","NAN","NAN"
"2025-02-20 08:00:00",14786,12.93323,304,1,"NAN","NAN","NAN","NAN","NAN","NAN","NAN","NAN","NAN"
"2025-02-20 08:30:00",14787,12.92904,304,1,"NAN","NAN","NAN","NAN","NAN","NAN","NAN","NAN","NAN"
"2025-02-20 09:00:00",14788,12.93407,304,1,"NAN","NAN","NAN","NAN","NAN","NAN","NAN","NAN","NAN"
"2025-02-20 09:30:00",14789,12.93911,304,1,"NAN","NAN","NAN","NAN","NAN","NAN","NAN","NAN","NAN"
"2025-02-20 10:00:00",14790,12.93407,304,1,"NAN","NAN","NAN","NAN","NAN","NAN","NAN","NAN","NAN"
"2025-02-20 10:30:00",14791,12.91141,304,1,"NAN","NAN","NAN","NAN","NAN","NAN","NAN","NAN","NAN"
"2025-02-20 11:00:00",14792,12.93995,304,1,"NAN","NAN","NAN","NAN","NAN","NAN","NAN","NAN","NAN"
"2025-02-20 11:30:00",14793,12.94583,304,1,"NAN","NAN","NAN","NAN","NAN","NAN","NAN","NAN","NAN"
"2025-02-20 12:00:00",14794,12.94666,304,1,"NAN","NAN","NAN","NAN","NAN","NAN","NAN","NAN","NAN"
"2025-02-20 12:30:00",14795,12.94583,304,1,"NAN","NAN","NAN","NAN","NAN","NAN","NAN","NAN","NAN"
"2025-02-20 13:00:00",14796,12.95422,304,1,"NAN","NAN","NAN","NAN","NAN","NAN","NAN","NAN","NAN"
"2025-02-20 13:30:00",14797,12.9559,304,1,"NAN","NAN","NAN","NAN","NAN","NAN","NAN","NAN","NAN"
"2025-02-20 14:00:00",14798,12.9282,304,1,"NAN","NAN","NAN","NAN","NAN","NAN","NAN","NAN","NAN"
"2025-02-20 14:30:00",14799,12.95422,304,1,"NAN","NAN","NAN","NAN","NAN","NAN","NAN","NAN","NAN"
"2025-02-20 15:00:00",14800,12.96597,304,1,"NAN","NAN","NAN","NAN","NAN","NAN","NAN","NAN","NAN"
"2025-02-20 15:30:00",14801,12.96681,304,1,"NAN","NAN","NAN","NAN","NAN","NAN","NAN","NAN","NAN"
"2025-02-20 16:00:00",14802,12.96513,304,1,"NAN","NAN","NAN","NAN","NAN","NAN","NAN","NAN","NAN"
"2025-02-20 16:30:00",14803,12.96933,304,1,"NAN","NAN","NAN","NAN","NAN","NAN","NAN","NAN","NAN"
"2025-02-20 17:00:00",14804,12.96177,304,1,"NAN","NAN","NAN","NAN","NAN","NAN","NAN","NAN","NAN"
"2025-02-20 17:30:00",14805,12.96513,304,1,"NAN","NAN","NAN","NAN","NAN","NAN","NAN","NAN","NAN"
"2025-02-20 18:00:00",14806,12.9601,304,1,"NAN","NAN","NAN","NAN","NAN","NAN","NAN","NAN","NAN"
"2025-02-20 18:30:00",14807,12.94834,304,1,"NAN","NAN","NAN","NAN","NAN","NAN","NAN","NAN","NAN"
"2025-02-20 19:00:00",14808,12.95002,304,1,"NAN","NAN","NAN","NAN","NAN","NAN","NAN","NAN","NAN"
"2025-02-20 19:30:00",14809,12.94583,304,1,"NAN","NAN","NAN","NAN","NAN","NAN","NAN","NAN","NAN"
"2025-02-20 20:00:00",14810,12.94666,304,1,"NAN","NAN","NAN","NAN","NAN","NAN","NAN","NAN","NAN"
"2025-02-20 20:30:00",14811,12.94163,304,1,"NAN","NAN","NAN","NAN","NAN","NAN","NAN","NAN","NAN"
"2025-02-20 21:00:00",14812,12.93911,304,1,"NAN","NAN","NAN","NAN","NAN","NAN","NAN","NAN","NAN"
"2025-02-20 21:30:00",14813,12.90553,304,1,"NAN","NAN","NAN","NAN","NAN","NAN","NAN","NAN","NAN"
"2025-02-20 22:00:00",14814,12.93239,304,1,"NAN","NAN","NAN","NAN","NAN","NAN","NAN","NAN","NAN"
"2025-02-20 22:30:00",14815,12.93323,304,1,"NAN","NAN","NAN","NAN","NAN","NAN","NAN","NAN","NAN"
"2025-02-20 23:00:00",14816,12.9282,304,1,"NAN","NAN","NAN","NAN","NAN","NAN","NAN","NAN","NAN"
"2025-02-20 23:30:00",14817,12.93239,304,1,"NAN","NAN","NAN","NAN","NAN","NAN","NAN","NAN","NAN"
"2025-02-21 00:00:00",14818,12.92652,304,1,"NAN","NAN","NAN","NAN","NAN","NAN","NAN","NAN","NAN"
"2025-02-21 00:30:00",14819,12.92652,304,1,"NAN","NAN","NAN","NAN","NAN","NAN","NAN","NAN","NAN"
"2025-02-21 01:00:00",14820,12.92316,304,1,"NAN","NAN","NAN","NAN","NAN","NAN","NAN","NAN","NAN"
"2025-02-21 01:30:00",14821,12.92652,304,1,"NAN","NAN","NAN","NAN","NAN","NAN","NAN","NAN","NAN"
"2025-02-21 02:00:00",14822,12.92484,304,1,"NAN","NAN","NAN","NAN","NAN","NAN","NAN","NAN","NAN"
"2025-02-21 02:30:00",14823,12.92568,304,1,"NAN","NAN","NAN","NAN","NAN","NAN","NAN","NAN","NAN"
"2025-02-21 03:00:00",14824,12.924,304,1,"NAN","NAN","NAN","NAN","NAN","NAN","NAN","NAN","NAN"
"2025-02-21 03:30:00",14825,12.92232,304,1,"NAN","NAN","NAN","NAN","NAN","NAN","NAN","NAN","NAN"
"2025-02-21 04:00:00",14826,12.91812,304,1,"NAN","NAN","NAN","NAN","NAN","NAN","NAN","NAN","NAN"
"2025-02-21 04:30:00",14827,12.90805,304,1,"NAN","NAN","NAN","NAN","NAN","NAN","NAN","NAN","NAN"
"2025-02-21 05:00:00",14828,12.91812,304,1,"NAN","NAN","NAN","NAN","NAN","NAN","NAN","NAN","NAN"
"2025-02-21 05:30:00",14829,12.91896,304,1,"NAN","NAN","NAN","NAN","NAN","NAN","NAN","NAN","NAN"
"2025-02-21 06:00:00",14830,12.9198,304,1,"NAN","NAN","NAN","NAN","NAN","NAN","NAN","NAN","NAN"
"2025-02-21 06:30:00",14831,12.91477,304,1,"NAN","NAN","NAN","NAN","NAN","NAN","NAN","NAN","NAN"
"2025-02-21 07:00:00",14832,12.90385,304,1,"NAN","NAN","NAN","NAN","NAN","NAN","NAN","NAN","NAN"
"2025-02-21 07:30:00",14833,12.9198,304,1,"NAN","NAN","NAN","NAN","NAN","NAN","NAN","NAN","NAN"
"2025-02-21 08:00:00",14834,12.90553,304,1,"NAN","NAN","NAN","NAN","NAN","NAN","NAN","NAN","NAN"
"2025-02-21 08:30:00",14835,12.92232,304,1,"NAN","NAN","NAN","NAN","NAN","NAN","NAN","NAN","NAN"
"2025-02-21 09:00:00",14836,12.92484,304,1,"NAN","NAN","NAN","NAN","NAN","NAN","NAN","NAN","NAN"
"2025-02-21 09:30:00",14837,12.93072,304,1,"NAN","NAN","NAN","NAN","NAN","NAN","NAN","NAN","NAN"
"2025-02-21 10:00:00",14838,12.93575,304,1,"NAN","NAN","NAN","NAN","NAN","NAN","NAN","NAN","NAN"
"2025-02-21 10:30:00",14839,12.94163,304,1,"NAN","NAN","NAN","NAN","NAN","NAN","NAN","NAN","NAN"
"2025-02-21 11:00:00",14840,12.94583,304,1,"NAN","NAN","NAN","NAN","NAN","NAN","NAN","NAN","NAN"
"2025-02-21 11:30:00",14841,12.9198,304,1,"NAN","NAN","NAN","NAN","NAN","NAN","NAN","NAN","NAN"
"2025-02-21 12:00:00",14842,12.96177,304,1,"NAN","NAN","NAN","NAN","NAN","NAN","NAN","NAN","NAN"
"2025-02-21 12:30:00",14843,12.96681,304,1,"NAN","NAN","NAN","NAN","NAN","NAN","NAN","NAN","NAN"
"2025-02-21 13:00:00",14844,12.97101,304,1,"NAN","NAN","NAN","NAN","NAN","NAN","NAN","NAN","NAN"
"2025-02-21 13:30:00",14845,12.97017,304,1,"NAN","NAN","NAN","NAN","NAN","NAN","NAN","NAN","NAN"
"2025-02-21 14:00:00",14846,12.97521,304,1,"NAN","NAN","NAN","NAN","NAN","NAN","NAN","NAN","NAN"
"2025-02-21 14:30:00",14847,12.9794,304,1,"NAN","NAN","NAN","NAN","NAN","NAN","NAN","NAN","NAN"
"2025-02-21 15:00:00",14848,12.98276,304,1,"NAN","NAN","NAN","NAN","NAN","NAN","NAN","NAN","NAN"
"2025-02-21 15:30:00",14849,12.98696,304,1,"NAN","NAN","NAN","NAN","NAN","NAN","NAN","NAN","NAN"
"2025-02-21 16:00:00",14850,12.98444,304,1,"NAN","NAN","NAN","NAN","NAN","NAN","NAN","NAN","NAN"
"2025-02-21 16:30:00",14851,12.98192,304,1,"NAN","NAN","NAN","NAN","NAN","NAN","NAN","NAN","NAN"
"2025-02-21 17:00:00",14852,12.98192,304,1,"NAN","NAN","NAN","NAN","NAN","NAN","NAN","NAN","NAN"
"2025-02-21 17:30:00",14853,12.97605,304,1,"NAN","NAN","NAN","NAN","NAN","NAN","NAN","NAN","NAN"
"2025-02-21 18:00:00",14854,12.93659,304,1,"NAN","NAN","NAN","NAN","NAN","NAN","NAN","NAN","NAN"
"2025-02-21 18:30:00",14855,12.96094,304,1,"NAN","NAN","NAN","NAN","NAN","NAN","NAN","NAN","NAN"
"2025-02-21 19:00:00",14856,12.96346,304,1,"NAN","NAN","NAN","NAN","NAN","NAN","NAN","NAN","NAN"
"2025-02-21 19:30:00",14857,12.95674,304,1,"NAN","NAN","NAN","NAN","NAN","NAN","NAN","NAN","NAN"
"2025-02-21 20:00:00",14858,12.95002,304,1,"NAN","NAN","NAN","NAN","NAN","NAN","NAN","NAN","NAN"
"2025-02-21 20:30:00",14859,12.94331,304,1,"NAN","NAN","NAN","NAN","NAN","NAN","NAN","NAN","NAN"
"2025-02-21 21:00:00",14860,12.94834,304,1,"NAN","NAN","NAN","NAN","NAN","NAN","NAN","NAN","NAN"
"2025-02-21 21:30:00",14861,12.93659,304,1,"NAN","NAN","NAN","NAN","NAN","NAN","NAN","NAN","NAN"
"2025-02-21 22:00:00",14862,12.93911,304,1,"NAN","NAN","NAN","NAN","NAN","NAN","NAN","NAN","NAN"
"2025-02-21 22:30:00",14863,12.89966,304,1,"NAN","NAN","NAN","NAN","NAN","NAN","NAN","NAN","NAN"
"2025-02-21 23:00:00",14864,12.93407,304,1,"NAN","NAN","NAN","NAN","NAN","NAN","NAN","NAN","NAN"
"2025-02-21 23:30:00",14865,12.93239,304,1,"NAN","NAN","NAN","NAN","NAN","NAN","NAN","NAN","NAN"
"2025-02-22 00:00:00",14866,12.92652,304,1,"NAN","NAN","NAN","NAN","NAN","NAN","NAN","NAN","NAN"
"2025-02-22 00:30:00",14867,12.92316,304,1,"NAN","NAN","NAN","NAN","NAN","NAN","NAN","NAN","NAN"
"2025-02-22 01:00:00",14868,12.92064,304,1,"NAN","NAN","NAN","NAN","NAN","NAN","NAN","NAN","NAN"
"2025-02-22 01:30:00",14869,12.91225,304,1,"NAN","NAN","NAN","NAN","NAN","NAN","NAN","NAN","NAN"
"2025-02-22 02:00:00",14870,12.91477,304,1,"NAN","NAN","NAN","NAN","NAN","NAN","NAN","NAN","NAN"
"2025-02-22 02:30:00",14871,12.91057,304,1,"NAN","NAN","NAN","NAN","NAN","NAN","NAN","NAN","NAN"
"2025-02-22 03:00:00",14872,12.91225,304,1,"NAN","NAN","NAN","NAN","NAN","NAN","NAN","NAN","NAN"
"2025-02-22 03:30:00",14873,12.90637,304,1,"NAN","NAN","NAN","NAN","NAN","NAN","NAN","NAN","NAN"
"2025-02-22 04:00:00",14874,12.90805,304,1,"NAN","NAN","NAN","NAN","NAN","NAN","NAN","NAN","NAN"
"2025-02-22 04:30:00",14875,12.8686,304,1,"NAN","NAN","NAN","NAN","NAN","NAN","NAN","NAN","NAN"
"2025-02-22 05:00:00",14876,12.89882,304,1,"NAN","NAN","NAN","NAN","NAN","NAN","NAN","NAN","NAN"
"2025-02-22 05:30:00",14877,12.89546,304,1,"NAN","NAN","NAN","NAN","NAN","NAN","NAN","NAN","NAN"
"2025-02-22 06:00:00",14878,12.8921,304,1,"NAN","NAN","NAN","NAN","NAN","NAN","NAN","NAN","NAN"
"2025-02-22 06:30:00",14879,12.88539,304,1,"NAN","NAN","NAN","NAN","NAN","NAN","NAN","NAN","NAN"
"2025-02-22 07:00:00",14880,12.88958,304,1,"NAN","NAN","NAN","NAN","NAN","NAN","NAN","NAN","NAN"
"2025-02-22 07:30:00",14881,12.88287,304,1,"NAN","NAN","NAN","NAN","NAN","NAN","NAN","NAN","NAN"
"2025-02-22 08:00:00",14882,12.88958,304,1,"NAN","NAN","NAN","NAN","NAN","NAN","NAN","NAN","NAN"
"2025-02-22 08:30:00",14883,12.85181,304,1,"NAN","NAN","NAN","NAN","NAN","NAN","NAN","NAN","NAN"
"2025-02-22 09:00:00",14884,12.8921,304,1,"NAN","NAN","NAN","NAN","NAN","NAN","NAN","NAN","NAN"
"2025-02-22 09:30:00",14885,12.90217,304,1,"NAN","NAN","NAN","NAN","NAN","NAN","NAN","NAN","NAN"
"2025-02-22 10:00:00",14886,12.90805,304,1,"NAN","NAN","NAN","NAN","NAN","NAN","NAN","NAN","NAN"
"2025-02-22 10:30:00",14887,12.9198,304,1,"NAN","NAN","NAN","NAN","NAN","NAN","NAN","NAN","NAN"
"2025-02-22 11:00:00",14888,12.92736,304,1,"NAN","NAN","NAN","NAN","NAN","NAN","NAN","NAN","NAN"
"2025-02-22 11:30:00",14889,12.93911,304,1,"NAN","NAN","NAN","NAN","NAN","NAN","NAN","NAN","NAN"
"2025-02-22 12:00:00",14890,12.94499,304,1,"NAN","NAN","NAN","NAN","NAN","NAN","NAN","NAN","NAN"
"2025-02-22 12:30:00",14891,12.9475,304,1,"NAN","NAN","NAN","NAN","NAN","NAN","NAN","NAN","NAN"
"2025-02-22 13:00:00",14892,12.9517,304,1,"NAN","NAN","NAN","NAN","NAN","NAN","NAN","NAN","NAN"
"2025-02-22 13:30:00",14893,12.95758,304,1,"NAN","NAN","NAN","NAN","NAN","NAN","NAN","NAN","NAN"
"2025-02-22 14:00:00",14894,12.9559,304,1,"NAN","NAN","NAN","NAN","NAN","NAN","NAN","NAN","NAN"
"2025-02-22 14:30:00",14895,12.96681,304,1,"NAN","NAN","NAN","NAN","NAN","NAN","NAN","NAN","NAN"
"2025-02-22 15:00:00",14896,12.96849,304,1,"NAN","NAN","NAN","NAN","NAN","NAN","NAN","NAN","NAN"
"2025-02-22 15:30:00",14897,12.96765,304,1,"NAN","NAN","NAN","NAN","NAN","NAN","NAN","NAN","NAN"
"2025-02-22 16:00:00",14898,12.96765,304,1,"NAN","NAN","NAN","NAN","NAN","NAN","NAN","NAN","NAN"
"2025-02-22 16:30:00",14899,12.96177,304,1,"NAN","NAN","NAN","NAN","NAN","NAN","NAN","NAN","NAN"
"2025-02-22 17:00:00",14900,12.95926,304,1,"NAN","NAN","NAN","NAN","NAN","NAN","NAN","NAN","NAN"
"2025-02-22 17:30:00",14901,12.95506,304,1,"NAN","NAN","NAN","NAN","NAN","NAN","NAN","NAN","NAN"
"2025-02-22 18:00:00",14902,12.94499,304,1,"NAN","NAN","NAN","NAN","NAN","NAN","NAN","NAN","NAN"
"2025-02-22 18:30:00",14903,12.94666,304,1,"NAN","NAN","NAN","NAN","NAN","NAN","NAN","NAN","NAN"
"2025-02-22 19:00:00",14904,12.94247,304,1,"NAN","NAN","NAN","NAN","NAN","NAN","NAN","NAN","NAN"
"2025-02-22 19:30:00",14905,12.94583,304,1,"NAN","NAN","NAN","NAN","NAN","NAN","NAN","NAN","NAN"
"2025-02-22 20:00:00",14906,12.93995,304,1,"NAN","NAN","NAN","NAN","NAN","NAN","NAN","NAN","NAN"
"2025-02-22 20:30:00",14907,12.93239,304,1,"NAN","NAN","NAN","NAN","NAN","NAN","NAN","NAN","NAN"
"2025-02-22 21:00:00",14908,12.93323,304,1,"NAN","NAN","NAN","NAN","NAN","NAN","NAN","NAN","NAN"
"2025-02-22 21:30:00",14909,12.93239,304,1,"NAN","NAN","NAN","NAN","NAN","NAN","NAN","NAN","NAN"
"2025-02-22 22:00:00",14910,12.9282,304,1,"NAN","NAN","NAN","NAN","NAN","NAN","NAN","NAN","NAN"
"2025-02-22 22:30:00",14911,12.92652,304,1,"NAN","NAN","NAN","NAN","NAN","NAN","NAN","NAN","NAN"
"2025-02-22 23:00:00",14912,12.924,304,1,"NAN","NAN","NAN","NAN","NAN","NAN","NAN","NAN","NAN"
"2025-02-22 23:30:00",14913,12.9198,304,1,"NAN","NAN","NAN","NAN","NAN","NAN","NAN","NAN","NAN"
"2025-02-23 00:00:00",14914,12.91057,304,1,"NAN","NAN","NAN","NAN","NAN","NAN","NAN","NAN","NAN"
"2025-02-23 00:30:00",14915,12.91477,304,1,"NAN","NAN","NAN","NAN","NAN","NAN","NAN","NAN","NAN"
"2025-02-23 01:00:00",14916,12.90973,304,1,"NAN","NAN","NAN","NAN","NAN","NAN","NAN","NAN","NAN"
"2025-02-23 01:30:00",14917,12.91225,304,1,"NAN","NAN","NAN","NAN","NAN","NAN","NAN","NAN","NAN"
"2025-02-23 02:00:00",14918,12.90889,304,1,"NAN","NAN","NAN","NAN","NAN","NAN","NAN","NAN","NAN"
"2025-02-23 02:30:00",14919,12.90553,304,1,"NAN","NAN","NAN","NAN","NAN","NAN","NAN","NAN","NAN"
"2025-02-23 03:00:00",14920,12.90385,304,1,"NAN","NAN","NAN","NAN","NAN","NAN","NAN","NAN","NAN"
"2025-02-23 03:30:00",14921,12.9005,304,1,"NAN","NAN","NAN","NAN","NAN","NAN","NAN","NAN","NAN"
"2025-02-23 04:00:00",14922,12.89714,304,1,"NAN","NAN","NAN","NAN","NAN","NAN","NAN","NAN","NAN"
"2025-02-23 04:30:00",14923,12.90217,304,1,"NAN","NAN","NAN","NAN","NAN","NAN","NAN","NAN","NAN"
"2025-02-23 05:00:00",14924,12.90134,304,1,"NAN","NAN","NAN","NAN","NAN","NAN","NAN","NAN","NAN"
"2025-02-23 05:30:00",14925,12.8686,304,1,"NAN","NAN","NAN","NAN","NAN","NAN","NAN","NAN","NAN"
"2025-02-23 06:00:00",14926,12.89882,304,1,"NAN","NAN","NAN","NAN","NAN","NAN","NAN","NAN","NAN"
"2025-02-23 06:30:00",14927,12.90134,304,1,"NAN","NAN","NAN","NAN","NAN","NAN","NAN","NAN","NAN"
"2025-02-23 07:00:00",14928,12.90134,304,1,"NAN","NAN","NAN","NAN","NAN","NAN","NAN","NAN","NAN"
"2025-02-23 07:30:00",14929,12.8644,304,1,"NAN","NAN","NAN","NAN","NAN","NAN","NAN","NAN","NAN"
"2025-02-23 08:00:00",14930,12.89714,304,1,"NAN","NAN","NAN","NAN","NAN","NAN","NAN","NAN","NAN"
"2025-02-23 08:30:00",14931,12.89126,304,1,"NAN","NAN","NAN","NAN","NAN","NAN","NAN","NAN","NAN"
"2025-02-23 09:00:00",14932,12.90301,304,1,"NAN","NAN","NAN","NAN","NAN","NAN","NAN","NAN","NAN"
"2025-02-23 09:30:00",14933,12.91645,304,1,"NAN","NAN","NAN","NAN","NAN","NAN","NAN","NAN","NAN"
"2025-02-23 10:00:00",14934,12.9198,304,1,"NAN","NAN","NAN","NAN","NAN","NAN","NAN","NAN","NAN"
"2025-02-23 10:30:00",14935,12.92568,304,1,"NAN","NAN","NAN","NAN","NAN","NAN","NAN","NAN","NAN"
"2025-02-23 11:00:00",14936,12.89966,304,1,"NAN","NAN","NAN","NAN","NAN","NAN","NAN","NAN","NAN"
"2025-02-23 11:30:00",14937,12.94415,304,1,"NAN","NAN","NAN","NAN","NAN","NAN","NAN","NAN","NAN"
"2025-02-23 12:00:00",14938,12.94163,304,1,"NAN","NAN","NAN","NAN","NAN","NAN","NAN","NAN","NAN"
"2025-02-23 12:30:00",14939,12.95254,304,1,"NAN","NAN","NAN","NAN","NAN","NAN","NAN","NAN","NAN"
"2025-02-23 13:00:00",14940,12.9475,304,1,"NAN","NAN","NAN","NAN","NAN","NAN","NAN","NAN","NAN"
"2025-02-23 13:30:00",14941,12.92568,304,1,"NAN","NAN","NAN","NAN","NAN","NAN","NAN","NAN","NAN"
"2025-02-23 14:00:00",14942,12.95506,304,1,"NAN","NAN","NAN","NAN","NAN","NAN","NAN","NAN","NAN"
"2025-02-23 14:30:00",14943,12.96681,304,1,"NAN","NAN","NAN","NAN","NAN","NAN","NAN","NAN","NAN"
"2025-02-23 15:00:00",14944,12.96429,304,1,"NAN","NAN","NAN","NAN","NAN","NAN","NAN","NAN","NAN"
"2025-02-23 15:30:00",14945,12.96429,304,1,"NAN","NAN","NAN","NAN","NAN","NAN","NAN","NAN","NAN"
"2025-02-23 16:00:00",14946,12.96429,304,1,"NAN","NAN","NAN","NAN","NAN","NAN","NAN","NAN","NAN"
"2025-02-23 16:30:00",14947,12.96513,304,1,"NAN","NAN","NAN","NAN","NAN","NAN","NAN","NAN","NAN"
"2025-02-23 17:00:00",14948,12.96094,304,1,"NAN","NAN","NAN","NAN","NAN","NAN","NAN","NAN","NAN"
"2025-02-23 17:30:00",14949,12.9559,304,1,"NAN","NAN","NAN","NAN","NAN","NAN","NAN","NAN","NAN"
"2025-02-23 18:00:00",14950,12.9475,304,1,"NAN","NAN","NAN","NAN","NAN","NAN","NAN","NAN","NAN"
"2025-02-23 18:30:00",14951,12.94163,304,1,"NAN","NAN","NAN","NAN","NAN","NAN","NAN","NAN","NAN"
"2025-02-23 19:00:00",14952,12.92652,304,1,"NAN","NAN","NAN","NAN","NAN","NAN","NAN","NAN","NAN"
"2025-02-23 19:30:00",14953,12.92904,304,1,"NAN","NAN","NAN","NAN","NAN","NAN","NAN","NAN","NAN"
"2025-02-23 20:00:00",14954,12.92484,304,1,"NAN","NAN","NAN","NAN","NAN","NAN","NAN","NAN","NAN"
"2025-02-23 20:30:00",14955,12.91393,304,1,"NAN","NAN","NAN","NAN","NAN","NAN","NAN","NAN","NAN"
"2025-02-23 21:00:00",14956,12.90637,304,1,"NAN","NAN","NAN","NAN","NAN","NAN","NAN","NAN","NAN"
"2025-02-23 21:30:00",14957,12.90721,304,1,"NAN","NAN","NAN","NAN","NAN","NAN","NAN","NAN","NAN"
"2025-02-23 22:00:00",14958,12.90553,304,1,"NAN","NAN","NAN","NAN","NAN","NAN","NAN","NAN","NAN"
"2025-02-23 22:30:00",14959,12.89378,304,1,"NAN","NAN","NAN","NAN","NAN","NAN","NAN","NAN","NAN"
"2025-02-23 23:00:00",14960,12.89966,304,1,"NAN","NAN","NAN","NAN","NAN","NAN","NAN","NAN","NAN"
"2025-02-23 23:30:00",14961,12.89462,304,1,"NAN","NAN","NAN","NAN","NAN","NAN","NAN","NAN","NAN"
"2025-02-24 00:00:00",14962,12.88706,304,1,"NAN","NAN","NAN","NAN","NAN","NAN","NAN","NAN","NAN"
"2025-02-24 00:30:00",14963,12.89546,304,1,"NAN","NAN","NAN","NAN","NAN","NAN","NAN","NAN","NAN"
"2025-02-24 01:00:00",14964,12.89462,304,1,"NAN","NAN","NAN","NAN","NAN","NAN","NAN","NAN","NAN"
"2025-02-24 01:30:00",14965,12.88623,304,1,"NAN","NAN","NAN","NAN","NAN","NAN","NAN","NAN","NAN"
"2025-02-24 02:00:00",14966,12.8879,304,1,"NAN","NAN","NAN","NAN","NAN","NAN","NAN","NAN","NAN"
"2025-02-24 02:30:00",14967,12.88539,304,1,"NAN","NAN","NAN","NAN","NAN","NAN","NAN","NAN","NAN"
"2025-02-24 03:00:00",14968,12.88371,304,1,"NAN","NAN","NAN","NAN","NAN","NAN","NAN","NAN","NAN"
"2025-02-24 03:30:00",14969,12.88035,304,1,"NAN","NAN","NAN","NAN","NAN","NAN","NAN","NAN","NAN"
"2025-02-24 04:00:00",14970,12.87615,304,1,"NAN","NAN","NAN","NAN","NAN","NAN","NAN","NAN","NAN"
"2025-02-24 04:30:00",14971,12.88371,304,1,"NAN","NAN","NAN","NAN","NAN","NAN","NAN","NAN","NAN"
"2025-02-24 05:00:00",14972,12.88203,304,1,"NAN","NAN","NAN","NAN","NAN","NAN","NAN","NAN","NAN"
"2025-02-24 05:30:00",14973,12.87951,304,1,"NAN","NAN","NAN","NAN","NAN","NAN","NAN","NAN","NAN"
"2025-02-24 06:00:00",14974,12.88119,304,1,"NAN","NAN","NAN","NAN","NAN","NAN","NAN","NAN","NAN"
"2025-02-24 06:30:00",14975,12.8728,304,1,"NAN","NAN","NAN","NAN","NAN","NAN","NAN","NAN","NAN"
"2025-02-24 07:00:00",14976,12.87615,304,1,"NAN","NAN","NAN","NAN","NAN","NAN","NAN","NAN","NAN"
"2025-02-24 07:30:00",14977,12.84341,304,1,"NAN","NAN","NAN","NAN","NAN","NAN","NAN","NAN","NAN"
"2025-02-24 08:00:00",14978,12.8728,304,1,"NAN","NAN","NAN","NAN","NAN","NAN","NAN","NAN","NAN"
"2025-02-24 08:30:00",14979,12.87951,304,1,"NAN","NAN","NAN","NAN","NAN","NAN","NAN","NAN","NAN"
"2025-02-24 09:00:00",14980,12.87783,304,1,"NAN","NAN","NAN","NAN","NAN","NAN","NAN","NAN","NAN"
"2025-02-24 09:30:00",14981,12.89462,304,1,"NAN","NAN","NAN","NAN","NAN","NAN","NAN","NAN","NAN"
"2025-02-24 10:00:00",14982,12.90134,304,1,"NAN","NAN","NAN","NAN","NAN","NAN","NAN","NAN","NAN"
"2025-02-24 10:30:00",14983,12.91225,304,1,"NAN","NAN","NAN","NAN","NAN","NAN","NAN","NAN","NAN"
"2025-02-24 11:00:00",14984,12.88623,304,1,"NAN","NAN","NAN","NAN","NAN","NAN","NAN","NAN","NAN"
"2025-02-24 11:30:00",14985,12.93743,304,1,"NAN","NAN","NAN","NAN","NAN","NAN","NAN","NAN","NAN"
"2025-02-24 12:00:00",14986,12.93072,304,1,"NAN","NAN","NAN","NAN","NAN","NAN","NAN","NAN","NAN"
"2025-02-24 12:30:00",14987,12.94583,304,1,"NAN","NAN","NAN","NAN","NAN","NAN","NAN","NAN","NAN"
"2025-02-24 13:00:00",14988,12.95338,304,1,"NAN","NAN","NAN","NAN","NAN","NAN","NAN","NAN","NAN"
"2025-02-24 13:30:00",14989,12.94583,304,1,"NAN","NAN","NAN","NAN","NAN","NAN","NAN","NAN","NAN"
"2025-02-24 14:00:00",14990,12.95506,304,1,"NAN","NAN","NAN","NAN","NAN","NAN","NAN","NAN","NAN"
"2025-02-24 14:30:00",14991,12.96177,304,1,"NAN","NAN","NAN","NAN","NAN","NAN","NAN","NAN","NAN"
"2025-02-24 15:00:00",14992,12.95842,304,1,"NAN","NAN","NAN","NAN","NAN","NAN","NAN","NAN","NAN"
"2025-02-24 15:30:00",14993,12.95758,304,1,"NAN","NAN","NAN","NAN","NAN","NAN","NAN","NAN","NAN"
"2025-02-24 16:00:00",14994,12.9559,304,1,"NAN","NAN","NAN","NAN","NAN","NAN","NAN","NAN","NAN"
"2025-02-24 16:30:00",14995,12.95506,304,1,"NAN","NAN","NAN","NAN","NAN","NAN","NAN","NAN","NAN"
"2025-02-24 17:00:00",14996,12.94834,304,1,"NAN","NAN","NAN","NAN","NAN","NAN","NAN","NAN","NAN"
"2025-02-24 17:30:00",14997,12.94583,304,1,"NAN","NAN","NAN","NAN","NAN","NAN","NAN","NAN","NAN"
"2025-02-24 18:00:00",14998,12.93407,304,1,"NAN","NAN","NAN","NAN","NAN","NAN","NAN","NAN","NAN"
"2025-02-24 18:30:00",14999,12.93156,304,1,"NAN","NAN","NAN","NAN","NAN","NAN","NAN","NAN","NAN"
"2025-02-24 19:00:00",15000,12.92652,304,1,"NAN","NAN","NAN","NAN","NAN","NAN","NAN","NAN","NAN"
"2025-02-24 19:30:00",15001,12.91393,304,1,"NAN","NAN","NAN","NAN","NAN","NAN","NAN","NAN","NAN"
"2025-02-24 20:00:00",15002,12.88287,304,1,"NAN","NAN","NAN","NAN","NAN","NAN","NAN","NAN","NAN"
"2025-02-24 20:30:00",15003,12.90134,304,1,"NAN","NAN","NAN","NAN","NAN","NAN","NAN","NAN","NAN"
"2025-02-24 21:00:00",15004,12.89882,304,1,"NAN","NAN","NAN","NAN","NAN","NAN","NAN","NAN","NAN"
"2025-02-24 21:30:00",15005,12.90134,304,1,"NAN","NAN","NAN","NAN","NAN","NAN","NAN","NAN","NAN"
"2025-02-24 22:00:00",15006,12.89966,304,1,"NAN","NAN","NAN","NAN","NAN","NAN","NAN","NAN","NAN"
"2025-02-24 22:30:00",15007,12.89966,304,1,"NAN","NAN","NAN","NAN","NAN","NAN","NAN","NAN","NAN"
"2025-02-24 23:00:00",15008,12.89378,304,1,"NAN","NAN","NAN","NAN","NAN","NAN","NAN","NAN","NAN"
"2025-02-24 23:30:00",15009,12.89462,304,1,"NAN","NAN","NAN","NAN","NAN","NAN","NAN","NAN","NAN"
"2025-02-25 00:00:00",15010,12.86104,304,1,"NAN","NAN","NAN","NAN","NAN","NAN","NAN","NAN","NAN"
"2025-02-25 00:30:00",15011,12.8879,304,1,"NAN","NAN","NAN","NAN","NAN","NAN","NAN","NAN","NAN"
"2025-02-25 01:00:00",15012,12.88623,304,1,"NAN","NAN","NAN","NAN","NAN","NAN","NAN","NAN","NAN"
"2025-02-25 01:30:00",15013,12.88371,304,1,"NAN","NAN","NAN","NAN","NAN","NAN","NAN","NAN","NAN"
"2025-02-25 02:00:00",15014,12.88623,304,1,"NAN","NAN","NAN","NAN","NAN","NAN","NAN","NAN","NAN"
"2025-02-25 02:30:00",15015,12.88035,304,1,"NAN","NAN","NAN","NAN","NAN","NAN","NAN","NAN","NAN"
"2025-02-25 03:00:00",15016,12.87951,304,1,"NAN","NAN","NAN","NAN","NAN","NAN","NAN","NAN","NAN"
"2025-02-25 03:30:00",15017,12.87112,304,1,"NAN","NAN","NAN","NAN","NAN","NAN","NAN","NAN","NAN"
"2025-02-25 04:00:00",15018,12.88119,304,1,"NAN","NAN","NAN","NAN","NAN","NAN","NAN","NAN","NAN"
"2025-02-25 04:30:00",15019,12.87699,304,1,"NAN","NAN","NAN","NAN","NAN","NAN","NAN","NAN","NAN"
"2025-02-25 05:00:00",15020,12.87783,304,1,"NAN","NAN","NAN","NAN","NAN","NAN","NAN","NAN","NAN"
"2025-02-25 05:30:00",15021,12.87615,304,1,"NAN","NAN","NAN","NAN","NAN","NAN","NAN","NAN","NAN"
"2025-02-25 06:00:00",15022,12.8409,304,1,"NAN","NAN","NAN","NAN","NAN","NAN","NAN","NAN","NAN"
"2025-02-25 06:30:00",15023,12.8728,304,1,"NAN","NAN","NAN","NAN","NAN","NAN","NAN","NAN","NAN"
"2025-02-25 07:00:00",15024,12.87112,304,1,"NAN","NAN","NAN","NAN","NAN","NAN","NAN","NAN","NAN"
"2025-02-25 07:30:00",15025,12.86776,304,1,"NAN","NAN","NAN","NAN","NAN","NAN","NAN","NAN","NAN"
"2025-02-25 08:00:00",15026,12.87112,304,1,"NAN","NAN","NAN","NAN","NAN","NAN","NAN","NAN","NAN"
"2025-02-25 08:30:00",15027,12.84006,304,1,"NAN","NAN","NAN","NAN","NAN","NAN","NAN","NAN","NAN"
"2025-02-25 09:00:00",15028,12.84593,304,1,"NAN","NAN","NAN","NAN","NAN","NAN","NAN","NAN","NAN"
"2025-02-25 09:30:00",15029,12.89042,304,1,"NAN","NAN","NAN","NAN","NAN","NAN","NAN","NAN","NAN"
"2025-02-25 10:00:00",15030,12.89882,304,1,"NAN","NAN","NAN","NAN","NAN","NAN","NAN","NAN","NAN"
"2025-02-25 10:30:00",15031,12.90134,304,1,"NAN","NAN","NAN","NAN","NAN","NAN","NAN","NAN","NAN"
"2025-02-25 11:00:00",15032,12.89714,304,1,"NAN","NAN","NAN","NAN","NAN","NAN","NAN","NAN","NAN"
"2025-02-25 11:30:00",15033,12.92568,304,1,"NAN","NAN","NAN","NAN","NAN","NAN","NAN","NAN","NAN"
"2025-02-25 12:00:00",15034,12.90301,304,1,"NAN","NAN","NAN","NAN","NAN","NAN","NAN","NAN","NAN"
"2025-02-25 12:30:00",15035,12.94163,304,1,"NAN","NAN","NAN","NAN","NAN","NAN","NAN","NAN","NAN"
"2025-02-25 13:00:00",15036,12.94499,304,1,"NAN","NAN","NAN","NAN","NAN","NAN","NAN","NAN","NAN"
"2025-02-25 13:30:00",15037,12.95254,304,1,"NAN","NAN","NAN","NAN","NAN","NAN","NAN","NAN","NAN"
"2025-02-25 14:00:00",15038,12.9198,304,1,"NAN","NAN","NAN","NAN","NAN","NAN","NAN","NAN","NAN"
"2025-02-25 14:30:00",15039,12.96429,304,1,"NAN","NAN","NAN","NAN","NAN","NAN","NAN","NAN","NAN"
"2025-02-25 15:00:00",15040,12.95926,304,1,"NAN","NAN","NAN","NAN","NAN","NAN","NAN","NAN","NAN"
"2025-02-25 15:30:00",15041,12.96346,304,1,"NAN","NAN","NAN","NAN","NAN","NAN","NAN","NAN","NAN"
"2025-02-25 16:00:00",15042,12.95674,304,1,"NAN","NAN","NAN","NAN","NAN","NAN","NAN","NAN","NAN"
"2025-02-25 16:30:00",15043,12.91728,304,1,"NAN","NAN","NAN","NAN","NAN","NAN","NAN","NAN","NAN"
"2025-02-25 17:00:00",15044,12.91645,304,1,"NAN","NAN","NAN","NAN","NAN","NAN","NAN","NAN","NAN"
"2025-02-25 17:30:00",15045,12.91225,304,1,"NAN","NAN","NAN","NAN","NAN","NAN","NAN","NAN","NAN"
"2025-02-25 18:00:00",15046,12.93827,304,1,"NAN","NAN","NAN","NAN","NAN","NAN","NAN","NAN","NAN"
"2025-02-25 18:30:00",15047,12.93156,304,1,"NAN","NAN","NAN","NAN","NAN","NAN","NAN","NAN","NAN"
"2025-02-25 19:00:00",15048,12.91141,304,1,"NAN","NAN","NAN","NAN","NAN","NAN","NAN","NAN","NAN"
"2025-02-25 19:30:00",15049,12.91477,304,1,"NAN","NAN","NAN","NAN","NAN","NAN","NAN","NAN","NAN"
"2025-02-25 20:00:00",15050,12.90805,304,1,"NAN","NAN","NAN","NAN","NAN","NAN","NAN","NAN","NAN"
"2025-02-25 20:30:00",15051,12.90385,304,1,"NAN","NAN","NAN","NAN","NAN","NAN","NAN","NAN","NAN"
"2025-02-25 21:00:00",15052,12.89714,304,1,"NAN","NAN","NAN","NAN","NAN","NAN","NAN","NAN","NAN"
"2025-02-25 21:30:00",15053,12.89378,304,1,"NAN","NAN","NAN","NAN","NAN","NAN","NAN","NAN","NAN"
"2025-02-25 22:00:00",15054,12.88119,304,1,"NAN","NAN","NAN","NAN","NAN","NAN","NAN","NAN","NAN"
"2025-02-25 22:30:00",15055,12.88371,304,1,"NAN","NAN","NAN","NAN","NAN","NAN","NAN","NAN","NAN"
"2025-02-25 23:00:00",15056,12.88203,304,1,"NAN","NAN","NAN","NAN","NAN","NAN","NAN","NAN","NAN"
"2025-02-25 23:30:00",15057,12.87699,304,1,"NAN","NAN","NAN","NAN","NAN","NAN","NAN","NAN","NAN"
"2025-02-26 00:00:00",15058,12.87363,304,1,"NAN","NAN","NAN","NAN","NAN","NAN","NAN","NAN","NAN"
"2025-02-26 00:30:00",15059,12.87112,304,1,"NAN","NAN","NAN","NAN","NAN","NAN","NAN","NAN","NAN"
"2025-02-26 01:00:00",15060,12.86944,304,1,"NAN","NAN","NAN","NAN","NAN","NAN","NAN","NAN","NAN"
"2025-02-26 01:30:00",15061,12.86608,304,1,"NAN","NAN","NAN","NAN","NAN","NAN","NAN","NAN","NAN"
"2025-02-26 02:00:00",15062,12.86776,304,1,"NAN","NAN","NAN","NAN","NAN","NAN","NAN","NAN","NAN"
"2025-02-26 02:30:00",15063,12.86356,304,1,"NAN","NAN","NAN","NAN","NAN","NAN","NAN","NAN","NAN"
"2025-02-26 03:00:00",15064,12.86104,304,1,"NAN","NAN","NAN","NAN","NAN","NAN","NAN","NAN","NAN"
"2025-02-26 03:30:00",15065,12.85685,304,1,"NAN","NAN","NAN","NAN","NAN","NAN","NAN","NAN","NAN"
"2025-02-26 04:00:00",15066,12.85685,304,1,"NAN","NAN","NAN","NAN","NAN","NAN","NAN","NAN","NAN"
"2025-02-26 04:30:00",15067,12.85769,304,1,"NAN","NAN","NAN","NAN","NAN","NAN","NAN","NAN","NAN"
"2025-02-26 05:00:00",15068,12.84845,304,1,"NAN","NAN","NAN","NAN","NAN","NAN","NAN","NAN","NAN"
"2025-02-26 05:30:00",15069,12.81487,304,1,"NAN","NAN","NAN","NAN","NAN","NAN","NAN","NAN","NAN"
"2025-02-26 06:00:00",15070,12.84006,304,1,"NAN","NAN","NAN","NAN","NAN","NAN","NAN","NAN","NAN"
"2025-02-26 06:30:00",15071,12.84761,304,1,"NAN","NAN","NAN","NAN","NAN","NAN","NAN","NAN","NAN"
"2025-02-26 07:00:00",15072,12.84677,304,1,"NAN","NAN","NAN","NAN","NAN","NAN","NAN","NAN","NAN"
"2025-02-26 07:30:00",15073,12.84593,304,1,"NAN","NAN","NAN","NAN","NAN","NAN","NAN","NAN","NAN"
"2025-02-26 08:00:00",15074,12.85013,304,1,"NAN","NAN","NAN","NAN","NAN","NAN","NAN","NAN","NAN"
"2025-02-26 08:30:00",15075,12.85013,304,1,"NAN","NAN","NAN","NAN","NAN","NAN","NAN","NAN","NAN"
"2025-02-26 09:00:00",15076,12.85769,304,1,"NAN","NAN","NAN","NAN","NAN","NAN","NAN","NAN","NAN"
"2025-02-26 09:30:00",15077,12.86356,304,1,"NAN","NAN","NAN","NAN","NAN","NAN","NAN","NAN","NAN"
"2025-02-26 10:00:00",15078,12.87531,304,1,"NAN","NAN","NAN","NAN","NAN","NAN","NAN","NAN","NAN"
"2025-02-26 10:30:00",15079,12.85013,304,1,"NAN","NAN","NAN","NAN","NAN","NAN","NAN","NAN","NAN"
"2025-02-26 11:00:00",15080,12.89042,304,1,"NAN","NAN","NAN","NAN","NAN","NAN","NAN","NAN","NAN"
"2025-02-26 11:30:00",15081,12.89714,304,1,"NAN","NAN","NAN","NAN","NAN","NAN","NAN","NAN","NAN"
"2025-02-26 12:00:00",15082,12.87028,304,1,"NAN","NAN","NAN","NAN","NAN","NAN","NAN","NAN","NAN"
"2025-02-26 12:30:00",15083,12.90721,304,1,"NAN","NAN","NAN","NAN","NAN","NAN","NAN","NAN","NAN"
"2025-02-26 13:00:00",15084,12.91225,304,1,"NAN","NAN","NAN","NAN","NAN","NAN","NAN","NAN","NAN"
"2025-02-26 13:30:00",15085,12.91393,304,1,"NAN","NAN","NAN","NAN","NAN","NAN","NAN","NAN","NAN"
"2025-02-26 14:00:00",15086,12.91645,304,1,"NAN","NAN","NAN","NAN","NAN","NAN","NAN","NAN","NAN"
"2025-02-26 14:30:00",15087,12.91645,304,1,"NAN","NAN","NAN","NAN","NAN","NAN","NAN","NAN","NAN"
"2025-02-26 15:00:00",15088,12.91728,304,1,"NAN","NAN","NAN","NAN","NAN","NAN","NAN","NAN","NAN"
"2025-02-26 15:30:00",15089,12.91309,304,1,"NAN","NAN","NAN","NAN","NAN","NAN","NAN","NAN","NAN"
"2025-02-26 16:00:00",15090,12.91393,304,1,"NAN","NAN","NAN","NAN","NAN","NAN","NAN","NAN","NAN"
"2025-02-26 16:30:00",15091,12.91141,304,1,"NAN","NAN","NAN","NAN","NAN","NAN","NAN","NAN","NAN"
"2025-02-26 17:00:00",15092,12.90553,304,1,"NAN","NAN","NAN","NAN","NAN","NAN","NAN","NAN","NAN"
"2025-02-26 17:30:00",15093,12.90217,304,1,"NAN","NAN","NAN","NAN","NAN","NAN","NAN","NAN","NAN"
"2025-02-26 18:00:00",15094,12.89462,304,1,"NAN","NAN","NAN","NAN","NAN","NAN","NAN","NAN","NAN"
"2025-02-26 18:30:00",15095,12.88874,304,1,"NAN","NAN","NAN","NAN","NAN","NAN","NAN","NAN","NAN"
"2025-02-26 19:00:00",15096,12.87531,304,1,"NAN","NAN","NAN","NAN","NAN","NAN","NAN","NAN","NAN"
"2025-02-26 19:30:00",15097,12.84593,304,1,"NAN","NAN","NAN","NAN","NAN","NAN","NAN","NAN","NAN"
"2025-02-26 20:00:00",15098,12.87615,304,1,"NAN","NAN","NAN","NAN","NAN","NAN","NAN","NAN","NAN"
"2025-02-26 20:30:00",15099,12.8686,304,1,"NAN","NAN","NAN","NAN","NAN","NAN","NAN","NAN","NAN"
"2025-02-26 21:00:00",15100,12.86524,304,1,"NAN","NAN","NAN","NAN","NAN","NAN","NAN","NAN","NAN"
"2025-02-26 21:30:00",15101,12.85685,304,1,"NAN","NAN","NAN","NAN","NAN","NAN","NAN","NAN","NAN"
"2025-02-26 22:00:00",15102,12.82998,304,1,"NAN","NAN","NAN","NAN","NAN","NAN","NAN","NAN","NAN"
"2025-02-26 22:30:00",15103,12.85517,304,1,"NAN","NAN","NAN","NAN","NAN","NAN","NAN","NAN","NAN"
"2025-02-26 23:00:00",15104,12.85265,304,1,"NAN","NAN","NAN","NAN","NAN","NAN","NAN","NAN","NAN"
"2025-02-26 23:30:00",15105,12.84341,304,1,"NAN","NAN","NAN","NAN","NAN","NAN","NAN","NAN","NAN"
"2025-02-27 00:00:00",15106,12.84593,304,1,"NAN","NAN","NAN","NAN","NAN","NAN","NAN","NAN","NAN"
"2025-02-27 00:30:00",15107,12.85097,304,1,"NAN","NAN","NAN","NAN","NAN","NAN","NAN","NAN","NAN"
"2025-02-27 01:00:00",15108,12.85013,304,1,"NAN","NAN","NAN","NAN","NAN","NAN","NAN","NAN","NAN"
"2025-02-27 01:30:00",15109,12.84761,304,1,"NAN","NAN","NAN","NAN","NAN","NAN","NAN","NAN","NAN"
"2025-02-27 02:00:00",15110,12.84845,304,1,"NAN","NAN","NAN","NAN","NAN","NAN","NAN","NAN","NAN"
"2025-02-27 02:30:00",15111,12.84593,304,1,"NAN","NAN","NAN","NAN","NAN","NAN","NAN","NAN","NAN"
"2025-02-27 03:00:00",15112,12.84258,304,1,"NAN","NAN","NAN","NAN","NAN","NAN","NAN","NAN","NAN"
"2025-02-27 03:30:00",15113,12.81823,304,1,"NAN","NAN","NAN","NAN","NAN","NAN","NAN","NAN","NAN"
"2025-02-27 04:00:00",15114,12.85852,304,1,"NAN","NAN","NAN","NAN","NAN","NAN","NAN","NAN","NAN"
"2025-02-27 04:30:00",15115,12.8602,304,1,"NAN","NAN","NAN","NAN","NAN","NAN","NAN","NAN","NAN"
"2025-02-27 05:00:00",15116,12.86524,304,1,"NAN","NAN","NAN","NAN","NAN","NAN","NAN","NAN","NAN"
"2025-02-27 05:30:00",15117,12.84929,304,1,"NAN","NAN","NAN","NAN","NAN","NAN","NAN","NAN","NAN"
"2025-02-27 06:00:00",15118,12.87112,304,1,"NAN","NAN","NAN","NAN","NAN","NAN","NAN","NAN","NAN"
"2025-02-27 06:30:00",15119,12.86944,304,1,"NAN","NAN","NAN","NAN","NAN","NAN","NAN","NAN","NAN"
"2025-02-27 07:00:00",15120,12.86776,304,1,"NAN","NAN","NAN","NAN","NAN","NAN","NAN","NAN","NAN"
"2025-02-27 07:30:00",15121,12.8686,304,1,"NAN","NAN","NAN","NAN","NAN","NAN","NAN","NAN","NAN"
"2025-02-27 08:00:00",15122,12.8728,304,1,"NAN","NAN","NAN","NAN","NAN","NAN","NAN","NAN","NAN"
"2025-02-27 08:30:00",15123,12.8686,304,1,"NAN","NAN","NAN","NAN","NAN","NAN","NAN","NAN","NAN"
"2025-02-27 09:00:00",15124,12.87112,304,1,"NAN","NAN","NAN","NAN","NAN","NAN","NAN","NAN","NAN"
"2025-02-27 09:30:00",15125,12.86692,304,1,"NAN","NAN","NAN","NAN","NAN","NAN","NAN","NAN","NAN"
"2025-02-27 10:00:00",15126,12.87363,304,1,"NAN","NAN","NAN","NAN","NAN","NAN","NAN","NAN","NAN"
"2025-02-27 10:30:00",15127,12.87783,304,1,"NAN","NAN","NAN","NAN","NAN","NAN","NAN","NAN","NAN"
"2025-02-27 11:00:00",15128,12.88035,304,1,"NAN","NAN","NAN","NAN","NAN","NAN","NAN","NAN","NAN"
"2025-02-27 11:30:00",15129,12.87615,304,1,"NAN","NAN","NAN","NAN","NAN","NAN","NAN","NAN","NAN"
"2025-02-27 12:00:00",15130,12.87951,304,1,"NAN","NAN","NAN","NAN","NAN","NAN","NAN","NAN","NAN"
"2025-02-27 12:30:00",15131,12.88371,304,1,"NAN","NAN","NAN","NAN","NAN","NAN","NAN","NAN","NAN"
"2025-02-27 13:00:00",15132,12.89126,304,1,"NAN","NAN","NAN","NAN","NAN","NAN","NAN","NAN","NAN"
"2025-02-27 13:30:00",15133,12.89294,304,1,"NAN","NAN","NAN","NAN","NAN","NAN","NAN","NAN","NAN"
"2025-02-27 14:00:00",15134,12.8921,304,1,"NAN","NAN","NAN","NAN","NAN","NAN","NAN","NAN","NAN"
"2025-02-27 14:30:00",15135,12.89462,304,1,"NAN","NAN","NAN","NAN","NAN","NAN","NAN","NAN","NAN"
"2025-02-27 15:00:00",15136,12.89462,304,1,"NAN","NAN","NAN","NAN","NAN","NAN","NAN","NAN","NAN"
"2025-02-27 15:30:00",15137,12.8921,304,1,"NAN","NAN","NAN","NAN","NAN","NAN","NAN","NAN","NAN"
"2025-02-27 16:00:00",15138,12.89798,304,1,"NAN","NAN","NAN","NAN","NAN","NAN","NAN","NAN","NAN"
"2025-02-27 16:30:00",15139,12.89462,304,1,"NAN","NAN","NAN","NAN","NAN","NAN","NAN","NAN","NAN"
"2025-02-27 17:00:00",15140,12.89462,304,1,"NAN","NAN","NAN","NAN","NAN","NAN","NAN","NAN","NAN"
"2025-02-27 17:30:00",15141,12.87951,304,1,"NAN","NAN","NAN","NAN","NAN","NAN","NAN","NAN","NAN"
"2025-02-27 18:00:00",15142,12.85685,304,1,"NAN","NAN","NAN","NAN","NAN","NAN","NAN","NAN","NAN"
"2025-02-27 18:30:00",15143,12.84929,304,1,"NAN","NAN","NAN","NAN","NAN","NAN","NAN","NAN","NAN"
"2025-02-27 19:00:00",15144,12.84174,304,1,"NAN","NAN","NAN","NAN","NAN","NAN","NAN","NAN","NAN"
"2025-02-27 19:30:00",15145,12.87112,304,1,"NAN","NAN","NAN","NAN","NAN","NAN","NAN","NAN","NAN"
"2025-02-27 20:00:00",15146,12.86608,304,1,"NAN","NAN","NAN","NAN","NAN","NAN","NAN","NAN","NAN"
"2025-02-27 20:30:00",15147,12.8644,304,1,"NAN","NAN","NAN","NAN","NAN","NAN","NAN","NAN","NAN"
"2025-02-27 21:00:00",15148,12.82495,304,1,"NAN","NAN","NAN","NAN","NAN","NAN","NAN","NAN","NAN"
"2025-02-27 21:30:00",15149,12.85349,304,1,"NAN","NAN","NAN","NAN","NAN","NAN","NAN","NAN","NAN"
"2025-02-27 22:00:00",15150,12.85433,304,1,"NAN","NAN","NAN","NAN","NAN","NAN","NAN","NAN","NAN"
"2025-02-27 22:30:00",15151,12.85517,304,1,"NAN","NAN","NAN","NAN","NAN","NAN","NAN","NAN","NAN"
"2025-02-27 23:00:00",15152,12.8325,304,1,"NAN","NAN","NAN","NAN","NAN","NAN","NAN","NAN","NAN"
"2025-02-27 23:30:00",15153,12.84341,304,1,"NAN","NAN","NAN","NAN","NAN","NAN","NAN","NAN","NAN"
"2025-02-28 00:00:00",15154,12.83166,304,1,"NAN","NAN","NAN","NAN","NAN","NAN","NAN","NAN","NAN"
"2025-02-28 00:30:00",15155,12.84174,304,1,"NAN","NAN","NAN","NAN","NAN","NAN","NAN","NAN","NAN"
"2025-02-28 01:00:00",15156,12.83922,304,1,"NAN","NAN","NAN","NAN","NAN","NAN","NAN","NAN","NAN"
"2025-02-28 01:30:00",15157,12.83334,304,1,"NAN","NAN","NAN","NAN","NAN","NAN","NAN","NAN","NAN"
"2025-02-28 02:00:00",15158,12.82075,304,1,"NAN","NAN","NAN","NAN","NAN","NAN","NAN","NAN","NAN"
"2025-02-28 02:30:00",15159,12.82579,304,1,"NAN","NAN","NAN","NAN","NAN","NAN","NAN","NAN","NAN"
"2025-02-28 03:00:00",15160,12.81907,304,1,"NAN","NAN","NAN","NAN","NAN","NAN","NAN","NAN","NAN"
"2025-02-28 03:30:00",15161,12.81823,304,1,"NAN","NAN","NAN","NAN","NAN","NAN","NAN","NAN","NAN"
"2025-02-28 04:00:00",15162,12.8132,304,1,"NAN","NAN","NAN","NAN","NAN","NAN","NAN","NAN","NAN"
"2025-02-28 04:30:00",15163,12.81739,304,1,"NAN","NAN","NAN","NAN","NAN","NAN","NAN","NAN","NAN"
"2025-02-28 05:00:00",15164,12.80984,304,1,"NAN","NAN","NAN","NAN","NAN","NAN","NAN","NAN","NAN"
"2025-02-28 05:30:00",15165,12.809,304,1,"NAN","NAN","NAN","NAN","NAN","NAN","NAN","NAN","NAN"
"2025-02-28 06:00:00",15166,12.80396,304,1,"NAN","NAN","NAN","NAN","NAN","NAN","NAN","NAN","NAN"
"2025-02-28 06:30:00",15167,12.80564,304,1,"NAN","NAN","NAN","NAN","NAN","NAN","NAN","NAN","NAN"
"2025-02-28 07:00:00",15168,12.80228,304,1,"NAN","NAN","NAN","NAN","NAN","NAN","NAN","NAN","NAN"
"2025-02-28 07:30:00",15169,12.79557,304,1,"NAN","NAN","NAN","NAN","NAN","NAN","NAN","NAN","NAN"
"2025-02-28 08:00:00",15170,12.79976,304,1,"NAN","NAN","NAN","NAN","NAN","NAN","NAN","NAN","NAN"
"2025-02-28 08:30:00",15171,12.80396,304,1,"NAN","NAN","NAN","NAN","NAN","NAN","NAN","NAN","NAN"
"2025-02-28 09:00:00",15172,12.80144,304,1,"NAN","NAN","NAN","NAN","NAN","NAN","NAN","NAN","NAN"
"2025-02-28 09:30:00",15173,12.80564,304,1,"NAN","NAN","NAN","NAN","NAN","NAN","NAN","NAN","NAN"
"2025-02-28 10:00:00",15174,12.8132,304,1,"NAN","NAN","NAN","NAN","NAN","NAN","NAN","NAN","NAN"
"2025-02-28 10:30:00",15175,12.81571,304,1,"NAN","NAN","NAN","NAN","NAN","NAN","NAN","NAN","NAN"
"2025-02-28 11:00:00",15176,12.81068,304,1,"NAN","NAN","NAN","NAN","NAN","NAN","NAN","NAN","NAN"
"2025-02-28 11:30:00",15177,12.82327,304,1,"NAN","NAN","NAN","NAN","NAN","NAN","NAN","NAN","NAN"
"2025-02-28 12:00:00",15178,12.82747,304,1,"NAN","NAN","NAN","NAN","NAN","NAN","NAN","NAN","NAN"
"2025-02-28 12:30:00",15179,12.82159,304,1,"NAN","NAN","NAN","NAN","NAN","NAN","NAN","NAN","NAN"
"2025-02-28 13:00:00",15180,12.82998,304,1,"NAN","NAN","NAN","NAN","NAN","NAN","NAN","NAN","NAN"
"2025-02-28 13:30:00",15181,12.79557,304,1,"NAN","NAN","NAN","NAN","NAN","NAN","NAN","NAN","NAN"
"2025-02-28 14:00:00",15182,12.83082,304,1,"NAN","NAN","NAN","NAN","NAN","NAN","NAN","NAN","NAN"
"2025-02-28 14:30:00",15183,12.82579,304,1,"NAN","NAN","NAN","NAN","NAN","NAN","NAN","NAN","NAN"
"2025-02-28 15:00:00",15184,12.82327,304,1,"NAN","NAN","NAN","NAN","NAN","NAN","NAN","NAN","NAN"
"2025-02-28 15:30:00",15185,12.8325,304,1,"NAN","NAN","NAN","NAN","NAN","NAN","NAN","NAN","NAN"
"2025-02-28 16:00:00",15186,12.79892,304,1,"NAN","NAN","NAN","NAN","NAN","NAN","NAN","NAN","NAN"
"2025-02-28 16:30:00",15187,12.82914,304,1,"NAN","NAN","NAN","NAN","NAN","NAN","NAN","NAN","NAN"
"2025-02-28 17:00:00",15188,12.809,304,1,"NAN","NAN","NAN","NAN","NAN","NAN","NAN","NAN","NAN"
"2025-02-28 17:30:00",15189,12.82327,304,1,"NAN","NAN","NAN","NAN","NAN","NAN","NAN","NAN","NAN"
"2025-02-28 18:00:00",15190,12.81236,304,1,"NAN","NAN","NAN","NAN","NAN","NAN","NAN","NAN","NAN"
"2025-02-28 18:30:00",15191,12.81152,304,1,"NAN","NAN","NAN","NAN","NAN","NAN","NAN","NAN","NAN"
"2025-02-28 19:00:00",15192,12.80564,304,1,"NAN","NAN","NAN","NAN","NAN","NAN","NAN","NAN","NAN"
"2025-02-28 19:30:00",15193,12.80396,304,1,"NAN","NAN","NAN","NAN","NAN","NAN","NAN","NAN","NAN"
"2025-02-28 20:00:00",15194,12.80144,304,1,"NAN","NAN","NAN","NAN","NAN","NAN","NAN","NAN","NAN"
"2025-02-28 20:30:00",15195,12.79725,304,1,"NAN","NAN","NAN","NAN","NAN","NAN","NAN","NAN","NAN"
"2025-02-28 21:00:00",15196,12.78549,304,1,"NAN","NAN","NAN","NAN","NAN","NAN","NAN","NAN","NAN"
"2025-02-28 21:30:00",15197,12.79137,304,1,"NAN","NAN","NAN","NAN","NAN","NAN","NAN","NAN","NAN"
"2025-02-28 22:00:00",15198,12.79137,304,1,"NAN","NAN","NAN","NAN","NAN","NAN","NAN","NAN","NAN"
"2025-02-28 22:30:00",15199,12.78046,304,1,"NAN","NAN","NAN","NAN","NAN","NAN","NAN","NAN","NAN"
"2025-02-28 23:00:00",15200,12.78885,304,1,"NAN","NAN","NAN","NAN","NAN","NAN","NAN","NAN","NAN"
"2025-02-28 23:30:00",15201,12.78717,304,1,"NAN","NAN","NAN","NAN","NAN","NAN","NAN","NAN","NAN"
"2025-03-01 00:00:00",15202,12.78717,304,1,"NAN","NAN","NAN","NAN","NAN","NAN","NAN","NAN","NAN"
"2025-03-01 00:30:00",15203,12.78381,304,1,"NAN","NAN","NAN","NAN","NAN","NAN","NAN","NAN","NAN"
"2025-03-01 01:00:00",15204,12.77122,304,1,"NAN","NAN","NAN","NAN","NAN","NAN","NAN","NAN","NAN"
"2025-03-01 01:30:00",15205,12.76954,304,1,"NAN","NAN","NAN","NAN","NAN","NAN","NAN","NAN","NAN"
"2025-03-01 02:00:00",15206,12.77794,304,1,"NAN","NAN","NAN","NAN","NAN","NAN","NAN","NAN","NAN"
"2025-03-01 02:30:00",15207,12.78298,304,1,"NAN","NAN","NAN","NAN","NAN","NAN","NAN","NAN","NAN"
"2025-03-01 03:00:00",15208,12.78381,304,1,"NAN","NAN","NAN","NAN","NAN","NAN","NAN","NAN","NAN"
"2025-03-01 03:30:00",15209,12.78214,304,1,"NAN","NAN","NAN","NAN","NAN","NAN","NAN","NAN","NAN"
"2025-03-01 04:00:00",15210,12.78381,304,1,"NAN","NAN","NAN","NAN","NAN","NAN","NAN","NAN","NAN"
"2025-03-01 04:30:00",15211,12.78381,304,1,"NAN","NAN","NAN","NAN","NAN","NAN","NAN","NAN","NAN"
"2025-03-01 05:00:00",15212,12.7813,304,1,"NAN","NAN","NAN","NAN","NAN","NAN","NAN","NAN","NAN"
"2025-03-01 05:30:00",15213,12.78298,304,1,"NAN","NAN","NAN","NAN","NAN","NAN","NAN","NAN","NAN"
"2025-03-01 06:00:00",15214,12.77206,304,1,"NAN","NAN","NAN","NAN","NAN","NAN","NAN","NAN","NAN"
"2025-03-01 06:30:00",15215,12.7771,304,1,"NAN","NAN","NAN","NAN","NAN","NAN","NAN","NAN","NAN"
"2025-03-01 07:00:00",15216,12.77626,304,1,"NAN","NAN","NAN","NAN","NAN","NAN","NAN","NAN","NAN"
"2025-03-01 07:30:00",15217,12.77794,304,1,"NAN","NAN","NAN","NAN","NAN","NAN","NAN","NAN","NAN"
"2025-03-01 08:00:00",15218,12.78046,304,1,"NAN","NAN","NAN","NAN","NAN","NAN","NAN","NAN","NAN"
"2025-03-01 08:30:00",15219,12.78801,304,1,"NAN","NAN","NAN","NAN","NAN","NAN","NAN","NAN","NAN"
"2025-03-01 09:00:00",15220,12.78465,304,1,"NAN","NAN","NAN","NAN","NAN","NAN","NAN","NAN","NAN"
"2025-03-01 09:30:00",15221,12.78633,304,1,"NAN","NAN","NAN","NAN","NAN","NAN","NAN","NAN","NAN"
"2025-03-01 10:00:00",15222,12.78381,304,1,"NAN","NAN","NAN","NAN","NAN","NAN","NAN","NAN","NAN"
"2025-03-01 10:30:00",15223,12.79221,304,1,"NAN","NAN","NAN","NAN","NAN","NAN","NAN","NAN","NAN"
"2025-03-01 11:00:00",15224,12.7729,304,1,"NAN","NAN","NAN","NAN","NAN","NAN","NAN","NAN","NAN"
"2025-03-01 11:30:00",15225,12.81403,304,1,"NAN","NAN","NAN","NAN","NAN","NAN","NAN","NAN","NAN"
"2025-03-01 12:00:00",15226,12.81739,304,1,"NAN","NAN","NAN","NAN","NAN","NAN","NAN","NAN","NAN"
"2025-03-01 12:30:00",15227,12.81403,304,1,"NAN","NAN","NAN","NAN","NAN","NAN","NAN","NAN","NAN"
"2025-03-01 13:00:00",15228,12.8283,304,1,"NAN","NAN","NAN","NAN","NAN","NAN","NAN","NAN","NAN"
"2025-03-01 13:30:00",15229,12.8367,304,1,"NAN","NAN","NAN","NAN","NAN","NAN","NAN","NAN","NAN"
"2025-03-01 14:00:00",15230,12.82327,304,1,"NAN","NAN","NAN","NAN","NAN","NAN","NAN","NAN","NAN"
"2025-03-01 14:30:00",15231,12.8006,304,1,"NAN","NAN","NAN","NAN","NAN","NAN","NAN","NAN","NAN"
"2025-03-01 15:00:00",15232,12.82747,304,1,"NAN","NAN","NAN","NAN","NAN","NAN","NAN","NAN","NAN"
"2025-03-01 15:30:00",15233,12.82663,304,1,"NAN","NAN","NAN","NAN","NAN","NAN","NAN","NAN","NAN"
"2025-03-01 16:00:00",15234,12.82747,304,1,"NAN","NAN","NAN","NAN","NAN","NAN","NAN","NAN","NAN"
"2025-03-01 16:30:00",15235,12.83334,304,1,"NAN","NAN","NAN","NAN","NAN","NAN","NAN","NAN","NAN"
"2025-03-01 17:00:00",15236,12.83082,304,1,"NAN","NAN","NAN","NAN","NAN","NAN","NAN","NAN","NAN"
"2025-03-01 17:30:00",15237,12.82243,304,1,"NAN","NAN","NAN","NAN","NAN","NAN","NAN","NAN","NAN"
"2025-03-01 18:00:00",15238,12.81655,304,1,"NAN","NAN","NAN","NAN","NAN","NAN","NAN","NAN","NAN"
"2025-03-01 18:30:00",15239,12.80312,304,1,"NAN","NAN","NAN","NAN","NAN","NAN","NAN","NAN","NAN"
"2025-03-01 19:00:00",15240,12.80312,304,1,"NAN","NAN","NAN","NAN","NAN","NAN","NAN","NAN","NAN"
"2025-03-01 19:30:00",15241,12.79473,304,1,"NAN","NAN","NAN","NAN","NAN","NAN","NAN","NAN","NAN"
"2025-03-01 20:00:00",15242,12.78885,304,1,"NAN","NAN","NAN","NAN","NAN","NAN","NAN","NAN","NAN"
"2025-03-01 20:30:00",15243,12.78549,304,1,"NAN","NAN","NAN","NAN","NAN","NAN","NAN","NAN","NAN"
"2025-03-01 21:00:00",15244,12.77458,304,1,"NAN","NAN","NAN","NAN","NAN","NAN","NAN","NAN","NAN"
"2025-03-01 21:30:00",15245,12.77374,304,1,"NAN","NAN","NAN","NAN","NAN","NAN","NAN","NAN","NAN"
"2025-03-01 22:00:00",15246,12.76787,304,1,"NAN","NAN","NAN","NAN","NAN","NAN","NAN","NAN","NAN"
"2025-03-01 22:30:00",15247,12.75108,304,1,"NAN","NAN","NAN","NAN","NAN","NAN","NAN","NAN","NAN"
"2025-03-01 23:00:00",15248,12.75611,304,1,"NAN","NAN","NAN","NAN","NAN","NAN","NAN","NAN","NAN"
"2025-03-01 23:30:00",15249,12.71582,304,1,"NAN","NAN","NAN","NAN","NAN","NAN","NAN","NAN","NAN"
"2025-03-02 00:00:00",15250,12.74772,304,1,"NAN","NAN","NAN","NAN","NAN","NAN","NAN","NAN","NAN"
"2025-03-02 00:30:00",15251,12.73764,304,1,"NAN","NAN","NAN","NAN","NAN","NAN","NAN","NAN","NAN"
"2025-03-02 01:00:00",15252,12.70071,304,1,"NAN","NAN","NAN","NAN","NAN","NAN","NAN","NAN","NAN"
"2025-03-02 01:30:00",15253,12.73093,304,1,"NAN","NAN","NAN","NAN","NAN","NAN","NAN","NAN","NAN"
"2025-03-02 02:00:00",15254,12.72505,304,1,"NAN","NAN","NAN","NAN","NAN","NAN","NAN","NAN","NAN"
"2025-03-02 02:30:00",15255,12.69148,304,1,"NAN","NAN","NAN","NAN","NAN","NAN","NAN","NAN","NAN"
"2025-03-02 03:00:00",15256,12.7175,304,1,"NAN","NAN","NAN","NAN","NAN","NAN","NAN","NAN","NAN"
"2025-03-02 03:30:00",15257,12.71078,304,1,"NAN","NAN","NAN","NAN","NAN","NAN","NAN","NAN","NAN"
"2025-03-02 04:00:00",15258,12.70743,304,1,"NAN","NAN","NAN","NAN","NAN","NAN","NAN","NAN","NAN"
"2025-03-02 04:30:00",15259,12.70239,304,1,"NAN","NAN","NAN","NAN","NAN","NAN","NAN","NAN","NAN"
"2025-03-02 05:00:00",15260,12.69987,304,1,"NAN","NAN","NAN","NAN","NAN","NAN","NAN","NAN","NAN"
"2025-03-02 05:30:00",15261,12.69483,304,1,"NAN","NAN","NAN","NAN","NAN","NAN","NAN","NAN","NAN"
"2025-03-02 06:00:00",15262,12.69064,304,1,"NAN","NAN","NAN","NAN","NAN","NAN","NAN","NAN","NAN"
"2025-03-02 06:30:00",15263,12.6814,304,1,"NAN","NAN","NAN","NAN","NAN","NAN","NAN","NAN","NAN"
"2025-03-02 07:00:00",15264,12.68812,304,1,"NAN","NAN","NAN","NAN","NAN","NAN","NAN","NAN","NAN"
"2025-03-02 07:30:00",15265,12.67972,304,1,"NAN","NAN","NAN","NAN","NAN","NAN","NAN","NAN","NAN"
"2025-03-02 08:00:00",15266,12.65034,304,1,"NAN","NAN","NAN","NAN","NAN","NAN","NAN","NAN","NAN"
"2025-03-02 08:30:00",15267,12.68392,304,1,"NAN","NAN","NAN","NAN","NAN","NAN","NAN","NAN","NAN"
"2025-03-02 09:00:00",15268,12.6856,304,1,"NAN","NAN","NAN","NAN","NAN","NAN","NAN","NAN","NAN"
"2025-03-02 09:30:00",15269,12.68224,304,1,"NAN","NAN","NAN","NAN","NAN","NAN","NAN","NAN","NAN"
"2025-03-02 10:00:00",15270,12.67888,304,1,"NAN","NAN","NAN","NAN","NAN","NAN","NAN","NAN","NAN"
"2025-03-02 10:30:00",15271,12.68896,304,1,"NAN","NAN","NAN","NAN","NAN","NAN","NAN","NAN","NAN"
"2025-03-02 11:00:00",15272,12.68476,304,1,"NAN","NAN","NAN","NAN","NAN","NAN","NAN","NAN","NAN"
"2025-03-02 11:30:00",15273,12.69483,304,1,"NAN","NAN","NAN","NAN","NAN","NAN","NAN","NAN","NAN"
"2025-03-02 12:00:00",15274,12.66545,304,1,"NAN","NAN","NAN","NAN","NAN","NAN","NAN","NAN","NAN"
"2025-03-02 12:30:00",15275,12.70323,304,1,"NAN","NAN","NAN","NAN","NAN","NAN","NAN","NAN","NAN"
"2025-03-02 13:00:00",15276,12.70743,304,1,"NAN","NAN","NAN","NAN","NAN","NAN","NAN","NAN","NAN"
"2025-03-02 13:30:00",15277,12.70407,304,1,"NAN","NAN","NAN","NAN","NAN","NAN","NAN","NAN","NAN"
"2025-03-02 14:00:00",15278,12.70071,304,1,"NAN","NAN","NAN","NAN","NAN","NAN","NAN","NAN","NAN"
"2025-03-02 14:30:00",15279,12.70743,304,1,"NAN","NAN","NAN","NAN","NAN","NAN","NAN","NAN","NAN"
"2025-03-02 15:00:00",15280,12.70155,304,1,"NAN","NAN","NAN","NAN","NAN","NAN","NAN","NAN","NAN"
"2025-03-02 15:30:00",15281,12.67888,304,1,"NAN","NAN","NAN","NAN","NAN","NAN","NAN","NAN","NAN"
"2025-03-02 16:00:00",15282,12.70827,304,1,"NAN","NAN","NAN","NAN","NAN","NAN","NAN","NAN","NAN"
"2025-03-02 16:30:00",15283,12.67301,304,1,"NAN","NAN","NAN","NAN","NAN","NAN","NAN","NAN","NAN"
"2025-03-02 17:00:00",15284,12.70491,304,1,"NAN","NAN","NAN","NAN","NAN","NAN","NAN","NAN","NAN"
"2025-03-02 17:30:00",15285,12.70491,304,1,"NAN","NAN","NAN","NAN","NAN","NAN","NAN","NAN","NAN"
"2025-03-02 18:00:00",15286,12.66629,304,1,"NAN","NAN","NAN","NAN","NAN","NAN","NAN","NAN","NAN"
"2025-03-02 18:30:00",15287,12.6898,304,1,"NAN","NAN","NAN","NAN","NAN","NAN","NAN","NAN","NAN"
"2025-03-02 19:00:00",15288,12.69064,304,1,"NAN","NAN","NAN","NAN","NAN","NAN","NAN","NAN","NAN"
"2025-03-02 19:30:00",15289,12.68644,304,1,"NAN","NAN","NAN","NAN","NAN","NAN","NAN","NAN","NAN"
"2025-03-02 20:00:00",15290,12.68056,304,1,"NAN","NAN","NAN","NAN","NAN","NAN","NAN","NAN","NAN"
"2025-03-02 20:30:00",15291,12.64447,304,1,"NAN","NAN","NAN","NAN","NAN","NAN","NAN","NAN","NAN"
"2025-03-02 21:00:00",15292,12.66881,304,1,"NAN","NAN","NAN","NAN","NAN","NAN","NAN","NAN","NAN"
"2025-03-02 21:30:00",15293,12.67049,304,1,"NAN","NAN","NAN","NAN","NAN","NAN","NAN","NAN","NAN"
"2025-03-02 22:00:00",15294,12.66797,304,1,"NAN","NAN","NAN","NAN","NAN","NAN","NAN","NAN","NAN"
"2025-03-02 22:30:00",15295,12.66461,304,1,"NAN","NAN","NAN","NAN","NAN","NAN","NAN","NAN","NAN"
"2025-03-02 23:00:00",15296,12.66042,304,1,"NAN","NAN","NAN","NAN","NAN","NAN","NAN","NAN","NAN"
"2025-03-02 23:30:00",15297,12.65202,304,1,"NAN","NAN","NAN","NAN","NAN","NAN","NAN","NAN","NAN"
"2025-03-03 00:00:00",15298,12.65706,304,1,"NAN","NAN","NAN","NAN","NAN","NAN","NAN","NAN","NAN"
"2025-03-03 00:30:00",15299,12.65454,304,1,"NAN","NAN","NAN","NAN","NAN","NAN","NAN","NAN","NAN"
"2025-03-03 01:00:00",15300,12.61677,304,1,"NAN","NAN","NAN","NAN","NAN","NAN","NAN","NAN","NAN"
"2025-03-03 01:30:00",15301,12.6495,304,1,"NAN","NAN","NAN","NAN","NAN","NAN","NAN","NAN","NAN"
"2025-03-03 02:00:00",15302,12.60417,304,1,"NAN","NAN","NAN","NAN","NAN","NAN","NAN","NAN","NAN"
"2025-03-03 02:30:00",15303,12.63775,304,1,"NAN","NAN","NAN","NAN","NAN","NAN","NAN","NAN","NAN"
"2025-03-03 03:00:00",15304,12.61341,304,1,"NAN","NAN","NAN","NAN","NAN","NAN","NAN","NAN","NAN"
"2025-03-03 03:30:00",15305,12.64447,304,1,"NAN","NAN","NAN","NAN","NAN","NAN","NAN","NAN","NAN"
"2025-03-03 04:00:00",15306,12.64279,304,1,"NAN","NAN","NAN","NAN","NAN","NAN","NAN","NAN","NAN"
"2025-03-03 04:30:00",15307,12.64279,304,1,"NAN","NAN","NAN","NAN","NAN","NAN","NAN","NAN","NAN"
"2025-03-03 05:00:00",15308,12.63607,304,1,"NAN","NAN","NAN","NAN","NAN","NAN","NAN","NAN","NAN"
"2025-03-03 05:30:00",15309,12.63607,304,1,"NAN","NAN","NAN","NAN","NAN","NAN","NAN","NAN","NAN"
"2025-03-03 06:00:00",15310,12.63439,304,1,"NAN","NAN","NAN","NAN","NAN","NAN","NAN","NAN","NAN"
"2025-03-03 06:30:00",15311,12.6302,304,1,"NAN","NAN","NAN","NAN","NAN","NAN","NAN","NAN","NAN"
"2025-03-03 07:00:00",15312,12.63188,304,1,"NAN","NAN","NAN","NAN","NAN","NAN","NAN","NAN","NAN"
"2025-03-03 07:30:00",15313,12.63272,304,1,"NAN","NAN","NAN","NAN","NAN","NAN","NAN","NAN","NAN"
"2025-03-03 08:00:00",15314,12.63691,304,1,"NAN","NAN","NAN","NAN","NAN","NAN","NAN","NAN","NAN"
"2025-03-03 08:30:00",15315,12.64195,304,1,"NAN","NAN","NAN","NAN","NAN","NAN","NAN","NAN","NAN"
"2025-03-03 09:00:00",15316,12.64195,304,1,"NAN","NAN","NAN","NAN","NAN","NAN","NAN","NAN","NAN"
"2025-03-03 09:30:00",15317,12.62012,304,1,"NAN","NAN","NAN","NAN","NAN","NAN","NAN","NAN","NAN"
"2025-03-03 10:00:00",15318,12.66713,304,1,"NAN","NAN","NAN","NAN","NAN","NAN","NAN","NAN","NAN"
"2025-03-03 10:30:00",15319,12.67217,304,1,"NAN","NAN","NAN","NAN","NAN","NAN","NAN","NAN","NAN"
"2025-03-03 11:00:00",15320,12.68224,304,1,"NAN","NAN","NAN","NAN","NAN","NAN","NAN","NAN","NAN"
"2025-03-03 11:30:00",15321,12.6579,304,1,"NAN","NAN","NAN","NAN","NAN","NAN","NAN","NAN","NAN"
"2025-03-03 12:00:00",15322,12.69651,304,1,"NAN","NAN","NAN","NAN","NAN","NAN","NAN","NAN","NAN"
"2025-03-03 12:30:00",15323,12.69903,304,1,"NAN","NAN","NAN","NAN","NAN","NAN","NAN","NAN","NAN"
"2025-03-03 13:00:00",15324,12.67217,304,1,"NAN","NAN","NAN","NAN","NAN","NAN","NAN","NAN","NAN"
"2025-03-03 13:30:00",15325,12.70994,304,1,"NAN","NAN","NAN","NAN","NAN","NAN","NAN","NAN","NAN"
"2025-03-03 14:00:00",15326,12.7133,304,1,"NAN","NAN","NAN","NAN","NAN","NAN","NAN","NAN","NAN"
"2025-03-03 14:30:00",15327,12.71414,304,1,"NAN","NAN","NAN","NAN","NAN","NAN","NAN","NAN","NAN"
"2025-03-03 15:00:00",15328,12.7133,304,1,"NAN","NAN","NAN","NAN","NAN","NAN","NAN","NAN","NAN"
"2025-03-03 15:30:00",15329,12.71414,304,1,"NAN","NAN","NAN","NAN","NAN","NAN","NAN","NAN","NAN"
"2025-03-03 16:00:00",15330,12.71078,304,1,"NAN","NAN","NAN","NAN","NAN","NAN","NAN","NAN","NAN"
"2025-03-03 16:30:00",15331,12.71078,304,1,"NAN","NAN","NAN","NAN","NAN","NAN","NAN","NAN","NAN"
"2025-03-03 17:00:00",15332,12.69987,304,1,"NAN","NAN","NAN","NAN","NAN","NAN","NAN","NAN","NAN"
"2025-03-03 17:30:00",15333,12.70155,304,1,"NAN","NAN","NAN","NAN","NAN","NAN","NAN","NAN","NAN"
"2025-03-03 18:00:00",15334,12.68812,304,1,"NAN","NAN","NAN","NAN","NAN","NAN","NAN","NAN","NAN"
"2025-03-03 18:30:00",15335,12.69064,304,1,"NAN","NAN","NAN","NAN","NAN","NAN","NAN","NAN","NAN"
"2025-03-03 19:00:00",15336,12.65454,304,1,"NAN","NAN","NAN","NAN","NAN","NAN","NAN","NAN","NAN"
"2025-03-03 19:30:00",15337,12.68056,304,1,"NAN","NAN","NAN","NAN","NAN","NAN","NAN","NAN","NAN"
"2025-03-03 20:00:00",15338,12.67804,304,1,"NAN","NAN","NAN","NAN","NAN","NAN","NAN","NAN","NAN"
"2025-03-03 20:30:00",15339,12.67469,304,1,"NAN","NAN","NAN","NAN","NAN","NAN","NAN","NAN","NAN"
"2025-03-03 21:00:00",15340,12.66629,304,1,"NAN","NAN","NAN","NAN","NAN","NAN","NAN","NAN","NAN"
"2025-03-03 21:30:00",15341,12.65706,304,1,"NAN","NAN","NAN","NAN","NAN","NAN","NAN","NAN","NAN"
"2025-03-03 22:00:00",15342,12.6621,304,1,"NAN","NAN","NAN","NAN","NAN","NAN","NAN","NAN","NAN"
"2025-03-03 22:30:00",15343,12.6537,304,1,"NAN","NAN","NAN","NAN","NAN","NAN","NAN","NAN","NAN"
"2025-03-03 23:00:00",15344,12.65622,304,1,"NAN","NAN","NAN","NAN","NAN","NAN","NAN","NAN","NAN"
"2025-03-03 23:30:00",15345,12.61761,304,1,"NAN","NAN","NAN","NAN","NAN","NAN","NAN","NAN","NAN"
"2025-03-04 00:00:00",15346,12.65118,304,1,"NAN","NAN","NAN","NAN","NAN","NAN","NAN","NAN","NAN"
"2025-03-04 00:30:00",15347,12.6537,304,1,"NAN","NAN","NAN","NAN","NAN","NAN","NAN","NAN","NAN"
"2025-03-04 01:00:00",15348,12.65454,304,1,"NAN","NAN","NAN","NAN","NAN","NAN","NAN","NAN","NAN"
"2025-03-04 01:30:00",15349,12.65286,304,1,"NAN","NAN","NAN","NAN","NAN","NAN","NAN","NAN","NAN"
"2025-03-04 02:00:00",15350,12.6537,304,1,"NAN","NAN","NAN","NAN","NAN","NAN","NAN","NAN","NAN"
"2025-03-04 02:30:00",15351,12.65202,304,1,"NAN","NAN","NAN","NAN","NAN","NAN","NAN","NAN","NAN"
"2025-03-04 03:00:00",15352,12.65202,304,1,"NAN","NAN","NAN","NAN","NAN","NAN","NAN","NAN","NAN"
"2025-03-04 03:30:00",15353,12.6537,304,1,"NAN","NAN","NAN","NAN","NAN","NAN","NAN","NAN","NAN"
"2025-03-04 04:00:00",15354,12.66042,304,1,"NAN","NAN","NAN","NAN","NAN","NAN","NAN","NAN","NAN"
"2025-03-04 04:30:00",15355,12.6537,304,1,"NAN","NAN","NAN","NAN","NAN","NAN","NAN","NAN","NAN"
"2025-03-04 05:00:00",15356,12.6621,304,1,"NAN","NAN","NAN","NAN","NAN","NAN","NAN","NAN","NAN"
"2025-03-04 05:30:00",15357,12.66042,304,1,"NAN","NAN","NAN","NAN","NAN","NAN","NAN","NAN","NAN"
"2025-03-04 06:00:00",15358,12.65118,304,1,"NAN","NAN","NAN","NAN","NAN","NAN","NAN","NAN","NAN"
"2025-03-04 06:30:00",15359,12.66042,304,1,"NAN","NAN","NAN","NAN","NAN","NAN","NAN","NAN","NAN"
"2025-03-04 07:00:00",15360,12.66377,304,1,"NAN","NAN","NAN","NAN","NAN","NAN","NAN","NAN","NAN"
"2025-03-04 07:30:00",15361,12.66461,304,1,"NAN","NAN","NAN","NAN","NAN","NAN","NAN","NAN","NAN"
"2025-03-04 08:00:00",15362,12.65958,304,1,"NAN","NAN","NAN","NAN","NAN","NAN","NAN","NAN","NAN"
"2025-03-04 08:30:00",15363,12.67049,304,1,"NAN","NAN","NAN","NAN","NAN","NAN","NAN","NAN","NAN"
"2025-03-04 09:00:00",15364,12.66797,304,1,"NAN","NAN","NAN","NAN","NAN","NAN","NAN","NAN","NAN"
"2025-03-04 09:30:00",15365,12.64447,304,1,"NAN","NAN","NAN","NAN","NAN","NAN","NAN","NAN","NAN"
"2025-03-04 10:00:00",15366,12.68896,304,1,"NAN","NAN","NAN","NAN","NAN","NAN","NAN","NAN","NAN"
"2025-03-04 10:30:00",15367,12.68392,304,1,"NAN","NAN","NAN","NAN","NAN","NAN","NAN","NAN","NAN"
"2025-03-04 11:00:00",15368,12.69651,304,1,"NAN","NAN","NAN","NAN","NAN","NAN","NAN","NAN","NAN"
"2025-03-04 11:30:00",15369,12.69651,304,1,"NAN","NAN","NAN","NAN","NAN","NAN","NAN","NAN","NAN"
"2025-03-04 12:00:00",15370,12.70659,304,1,"NAN","NAN","NAN","NAN","NAN","NAN","NAN","NAN","NAN"
"2025-03-04 12:30:00",15371,12.69903,304,1,"NAN","NAN","NAN","NAN","NAN","NAN","NAN","NAN","NAN"
"2025-03-04 13:00:00",15372,12.71246,304,1,"NAN","NAN","NAN","NAN","NAN","NAN","NAN","NAN","NAN"
"2025-03-04 13:30:00",15373,12.71582,304,1,"NAN","NAN","NAN","NAN","NAN","NAN","NAN","NAN","NAN"
"2025-03-04 14:00:00",15374,12.71414,304,1,"NAN","NAN","NAN","NAN","NAN","NAN","NAN","NAN","NAN"
"2025-03-04 14:30:00",15375,12.7133,304,1,"NAN","NAN","NAN","NAN","NAN","NAN","NAN","NAN","NAN"
"2025-03-04 15:00:00",15376,12.72002,304,1,"NAN","NAN","NAN","NAN","NAN","NAN","NAN","NAN","NAN"
"2025-03-04 15:30:00",15377,12.70071,304,1,"NAN","NAN","NAN","NAN","NAN","NAN","NAN","NAN","NAN"
"2025-03-04 16:00:00",15378,12.71498,304,1,"NAN","NAN","NAN","NAN","NAN","NAN","NAN","NAN","NAN"
"2025-03-04 16:30:00",15379,12.71078,304,1,"NAN","NAN","NAN","NAN","NAN","NAN","NAN","NAN","NAN"
"2025-03-04 17:00:00",15380,12.69903,304,1,"NAN","NAN","NAN","NAN","NAN","NAN","NAN","NAN","NAN"
"2025-03-04 17:30:00",15381,12.70659,304,1,"NAN","NAN","NAN","NAN","NAN","NAN","NAN","NAN","NAN"
"2025-03-04 18:00:00",15382,12.70491,304,1,"NAN","NAN","NAN","NAN","NAN","NAN","NAN","NAN","NAN"
"2025-03-04 18:30:00",15383,12.69735,304,1,"NAN","NAN","NAN","NAN","NAN","NAN","NAN","NAN","NAN"
"2025-03-04 19:00:00",15384,12.69399,304,1,"NAN","NAN","NAN","NAN","NAN","NAN","NAN","NAN","NAN"
"2025-03-04 19:30:00",15385,12.68728,304,1,"NAN","NAN","NAN","NAN","NAN","NAN","NAN","NAN","NAN"
"2025-03-04 20:00:00",15386,12.68224,304,1,"NAN","NAN","NAN","NAN","NAN","NAN","NAN","NAN","NAN"
"2025-03-04 20:30:00",15387,12.68476,304,1,"NAN","NAN","NAN","NAN","NAN","NAN","NAN","NAN","NAN"
"2025-03-04 21:00:00",15388,12.68224,304,1,"NAN","NAN","NAN","NAN","NAN","NAN","NAN","NAN","NAN"
"2025-03-04 21:30:00",15389,12.67804,304,1,"NAN","NAN","NAN","NAN","NAN","NAN","NAN","NAN","NAN"
"2025-03-04 22:00:00",15390,12.67721,304,1,"NAN","NAN","NAN","NAN","NAN","NAN","NAN","NAN","NAN"
"2025-03-04 22:30:00",15391,12.67385,304,1,"NAN","NAN","NAN","NAN","NAN","NAN","NAN","NAN","NAN"
"2025-03-04 23:00:00",15392,12.67049,304,1,"NAN","NAN","NAN","NAN","NAN","NAN","NAN","NAN","NAN"
"2025-03-04 23:30:00",15393,12.66293,304,1,"NAN","NAN","NAN","NAN","NAN","NAN","NAN","NAN","NAN"
"2025-03-05 00:00:00",15394,12.67217,304,1,"NAN","NAN","NAN","NAN","NAN","NAN","NAN","NAN","NAN"
"2025-03-05 00:30:00",15395,12.67385,304,1,"NAN","NAN","NAN","NAN","NAN","NAN","NAN","NAN","NAN"
"2025-03-05 01:00:00",15396,12.67049,304,1,"NAN","NAN","NAN","NAN","NAN","NAN","NAN","NAN","NAN"
"2025-03-05 01:30:00",15397,12.66797,304,1,"NAN","NAN","NAN","NAN","NAN","NAN","NAN","NAN","NAN"
"2025-03-05 02:00:00",15398,12.67049,304,1,"NAN","NAN","NAN","NAN","NAN","NAN","NAN","NAN","NAN"
"2025-03-05 02:30:00",15399,12.66461,304,1,"NAN","NAN","NAN","NAN","NAN","NAN","NAN","NAN","NAN"
"2025-03-05 03:00:00",15400,12.66629,304,1,"NAN","NAN","NAN","NAN","NAN","NAN","NAN","NAN","NAN"
"2025-03-05 03:30:00",15401,12.66545,304,1,"NAN","NAN","NAN","NAN","NAN","NAN","NAN","NAN","NAN"
"2025-03-05 04:00:00",15402,12.65706,304,1,"NAN","NAN","NAN","NAN","NAN","NAN","NAN","NAN","NAN"
"2025-03-05 04:30:00",15403,12.6621,304,1,"NAN","NAN","NAN","NAN","NAN","NAN","NAN","NAN","NAN"
"2025-03-05 05:00:00",15404,12.66377,304,1,"NAN","NAN","NAN","NAN","NAN","NAN","NAN","NAN","NAN"
"2025-03-05 05:30:00",15405,12.66461,304,1,"NAN","NAN","NAN","NAN","NAN","NAN","NAN","NAN","NAN"
"2025-03-05 06:00:00",15406,12.6621,304,1,"NAN","NAN","NAN","NAN","NAN","NAN","NAN","NAN","NAN"
"2025-03-05 06:30:00",15407,12.6579,304,1,"NAN","NAN","NAN","NAN","NAN","NAN","NAN","NAN","NAN"
"2025-03-05 07:00:00",15408,12.6579,304,1,"NAN","NAN","NAN","NAN","NAN","NAN","NAN","NAN","NAN"
"2025-03-05 07:30:00",15409,12.66293,304,1,"NAN","NAN","NAN","NAN","NAN","NAN","NAN","NAN","NAN"
"2025-03-05 08:00:00",15410,12.66461,304,1,"NAN","NAN","NAN","NAN","NAN","NAN","NAN","NAN","NAN"
"2025-03-05 08:30:00",15411,12.66629,304,1,"NAN","NAN","NAN","NAN","NAN","NAN","NAN","NAN","NAN"
"2025-03-05 09:00:00",15412,12.66965,304,1,"NAN","NAN","NAN","NAN","NAN","NAN","NAN","NAN","NAN"
"2025-03-05 09:30:00",15413,12.66965,304,1,"NAN","NAN","NAN","NAN","NAN","NAN","NAN","NAN","NAN"
"2025-03-05 10:00:00",15414,12.66965,304,1,"NAN","NAN","NAN","NAN","NAN","NAN","NAN","NAN","NAN"
"2025-03-05 10:30:00",15415,12.66629,304,1,"NAN","NAN","NAN","NAN","NAN","NAN","NAN","NAN","NAN"
"2025-03-05 11:00:00",15416,12.67385,304,1,"NAN","NAN","NAN","NAN","NAN","NAN","NAN","NAN","NAN"
"2025-03-05 11:30:00",15417,12.64615,304,1,"NAN","NAN","NAN","NAN","NAN","NAN","NAN","NAN","NAN"
"2025-03-05 12:00:00",15418,12.68308,304,1,"NAN","NAN","NAN","NAN","NAN","NAN","NAN","NAN","NAN"
"2025-03-05 12:30:00",15419,12.67721,304,1,"NAN","NAN","NAN","NAN","NAN","NAN","NAN","NAN","NAN"
"2025-03-05 13:00:00",15420,12.64111,304,1,"NAN","NAN","NAN","NAN","NAN","NAN","NAN","NAN","NAN"
"2025-03-05 13:30:00",15421,12.67637,304,1,"NAN","NAN","NAN","NAN","NAN","NAN","NAN","NAN","NAN"
"2025-03-05 14:00:00",15422,12.67637,304,1,"NAN","NAN","NAN","NAN","NAN","NAN","NAN","NAN","NAN"
"2025-03-05 14:30:00",15423,12.67721,304,1,"NAN","NAN","NAN","NAN","NAN","NAN","NAN","NAN","NAN"
"2025-03-05 15:00:00",15424,12.67385,304,1,"NAN","NAN","NAN","NAN","NAN","NAN","NAN","NAN","NAN"
"2025-03-05 15:30:00",15425,12.66629,304,1,"NAN","NAN","NAN","NAN","NAN","NAN","NAN","NAN","NAN"
"2025-03-05 16:00:00",15426,12.63523,304,1,"NAN","NAN","NAN","NAN","NAN","NAN","NAN","NAN","NAN"
"2025-03-05 16:30:00",15427,12.66713,304,1,"NAN","NAN","NAN","NAN","NAN","NAN","NAN","NAN","NAN"
"2025-03-05 17:00:00",15428,12.67133,304,1,"NAN","NAN","NAN","NAN","NAN","NAN","NAN","NAN","NAN"
"2025-03-05 17:30:00",15429,12.67385,304,1,"NAN","NAN","NAN","NAN","NAN","NAN","NAN","NAN","NAN"
"2025-03-05 18:00:00",15430,12.67133,304,1,"NAN","NAN","NAN","NAN","NAN","NAN","NAN","NAN","NAN"
"2025-03-05 18:30:00",15431,12.66797,304,1,"NAN","NAN","NAN","NAN","NAN","NAN","NAN","NAN","NAN"
"2025-03-05 19:00:00",15432,12.66713,304,1,"NAN","NAN","NAN","NAN","NAN","NAN","NAN","NAN","NAN"
"2025-03-05 19:30:00",15433,12.66545,304,1,"NAN","NAN","NAN","NAN","NAN","NAN","NAN","NAN","NAN"
"2025-03-05 20:00:00",15434,12.66461,304,1,"NAN","NAN","NAN","NAN","NAN","NAN","NAN","NAN","NAN"
"2025-03-05 20:30:00",15435,12.66797,304,1,"NAN","NAN","NAN","NAN","NAN","NAN","NAN","NAN","NAN"
"2025-03-05 21:00:00",15436,12.66713,304,1,"NAN","NAN","NAN","NAN","NAN","NAN","NAN","NAN","NAN"
"2025-03-05 21:30:00",15437,12.66293,304,1,"NAN","NAN","NAN","NAN","NAN","NAN","NAN","NAN","NAN"
"2025-03-05 22:00:00",15438,12.65202,304,1,"NAN","NAN","NAN","NAN","NAN","NAN","NAN","NAN","NAN"
"2025-03-05 22:30:00",15439,12.65706,304,1,"NAN","NAN","NAN","NAN","NAN","NAN","NAN","NAN","NAN"
"2025-03-05 23:00:00",15440,12.65454,304,1,"NAN","NAN","NAN","NAN","NAN","NAN","NAN","NAN","NAN"
"2025-03-05 23:30:00",15441,12.65454,304,1,"NAN","NAN","NAN","NAN","NAN","NAN","NAN","NAN","NAN"
"2025-03-06 00:00:00",15442,12.64279,304,1,"NAN","NAN","NAN","NAN","NAN","NAN","NAN","NAN","NAN"
"2025-03-06 00:30:00",15443,12.6495,304,1,"NAN","NAN","NAN","NAN","NAN","NAN","NAN","NAN","NAN"
"2025-03-06 01:00:00",15444,12.6495,304,1,"NAN","NAN","NAN","NAN","NAN","NAN","NAN","NAN","NAN"
"2025-03-06 01:30:00",15445,12.64111,304,1,"NAN","NAN","NAN","NAN","NAN","NAN","NAN","NAN","NAN"
"2025-03-06 02:00:00",15446,12.64866,304,1,"NAN","NAN","NAN","NAN","NAN","NAN","NAN","NAN","NAN"
"2025-03-06 02:30:00",15447,12.64783,304,1,"NAN","NAN","NAN","NAN","NAN","NAN","NAN","NAN","NAN"
"2025-03-06 03:00:00",15448,12.60753,304,1,"NAN","NAN","NAN","NAN","NAN","NAN","NAN","NAN","NAN"
"2025-03-06 03:30:00",15449,12.64866,304,1,"NAN","NAN","NAN","NAN","NAN","NAN","NAN","NAN","NAN"
"2025-03-06 04:00:00",15450,12.63691,304,1,"NAN","NAN","NAN","NAN","NAN","NAN","NAN","NAN","NAN"
"2025-03-06 04:30:00",15451,12.64027,304,1,"NAN","NAN","NAN","NAN","NAN","NAN","NAN","NAN","NAN"
"2025-03-06 05:00:00",15452,12.63607,304,1,"NAN","NAN","NAN","NAN","NAN","NAN","NAN","NAN","NAN"
"2025-03-06 05:30:00",15453,12.59998,304,1,"NAN","NAN","NAN","NAN","NAN","NAN","NAN","NAN","NAN"
"2025-03-06 06:00:00",15454,12.63607,304,1,"NAN","NAN","NAN","NAN","NAN","NAN","NAN","NAN","NAN"
"2025-03-06 06:30:00",15455,12.63439,304,1,"NAN","NAN","NAN","NAN","NAN","NAN","NAN","NAN","NAN"
"2025-03-06 07:00:00",15456,12.63188,304,1,"NAN","NAN","NAN","NAN","NAN","NAN","NAN","NAN","NAN"
"2025-03-06 07:30:00",15457,12.626,304,1,"NAN","NAN","NAN","NAN","NAN","NAN","NAN","NAN","NAN"
"2025-03-06 08:00:00",15458,12.63104,304,1,"NAN","NAN","NAN","NAN","NAN","NAN","NAN","NAN","NAN"
"2025-03-06 08:30:00",15459,12.62012,304,1,"NAN","NAN","NAN","NAN","NAN","NAN","NAN","NAN","NAN"
"2025-03-06 09:00:00",15460,12.62432,304,1,"NAN","NAN","NAN","NAN","NAN","NAN","NAN","NAN","NAN"
"2025-03-06 09:30:00",15461,12.62348,304,1,"NAN","NAN","NAN","NAN","NAN","NAN","NAN","NAN","NAN"
"2025-03-06 10:00:00",15462,12.61928,304,1,"NAN","NAN","NAN","NAN","NAN","NAN","NAN","NAN","NAN"
"2025-03-06 10:30:00",15463,12.62096,304,1,"NAN","NAN","NAN","NAN","NAN","NAN","NAN","NAN","NAN"
"2025-03-06 11:00:00",15464,12.58823,304,1,"NAN","NAN","NAN","NAN","NAN","NAN","NAN","NAN","NAN"
"2025-03-06 11:30:00",15465,12.61425,304,1,"NAN","NAN","NAN","NAN","NAN","NAN","NAN","NAN","NAN"
"2025-03-06 12:00:00",15466,12.61761,304,1,"NAN","NAN","NAN","NAN","NAN","NAN","NAN","NAN","NAN"
"2025-03-06 12:30:00",15467,12.61761,304,1,"NAN","NAN","NAN","NAN","NAN","NAN","NAN","NAN","NAN"
"2025-03-06 13:00:00",15468,12.60585,304,1,"NAN","NAN","NAN","NAN","NAN","NAN","NAN","NAN","NAN"
"2025-03-06 13:30:00",15469,12.61089,304,1,"NAN","NAN","NAN","NAN","NAN","NAN","NAN","NAN","NAN"
"2025-03-06 14:00:00",15470,12.61844,304,1,"NAN","NAN","NAN","NAN","NAN","NAN","NAN","NAN","NAN"
"2025-03-06 14:30:00",15471,12.62012,304,1,"NAN","NAN","NAN","NAN","NAN","NAN","NAN","NAN","NAN"
"2025-03-06 15:00:00",15472,12.61089,304,1,"NAN","NAN","NAN","NAN","NAN","NAN","NAN","NAN","NAN"
"2025-03-06 15:30:00",15473,12.61761,304,1,"NAN","NAN","NAN","NAN","NAN","NAN","NAN","NAN","NAN"
"2025-03-06 16:00:00",15474,12.62012,304,1,"NAN","NAN","NAN","NAN","NAN","NAN","NAN","NAN","NAN"
"2025-03-06 16:30:00",15475,12.61761,304,1,"NAN","NAN","NAN","NAN","NAN","NAN","NAN","NAN","NAN"
"2025-03-06 17:00:00",15476,12.61593,304,1,"NAN","NAN","NAN","NAN","NAN","NAN","NAN","NAN","NAN"
"2025-03-06 17:30:00",15477,12.61425,304,1,"NAN","NAN","NAN","NAN","NAN","NAN","NAN","NAN","NAN"
"2025-03-06 18:00:00",15478,12.5983,304,1,"NAN","NAN","NAN","NAN","NAN","NAN","NAN","NAN","NAN"
"2025-03-06 18:30:00",15479,12.5983,304,1,"NAN","NAN","NAN","NAN","NAN","NAN","NAN","NAN","NAN"
"2025-03-06 19:00:00",15480,12.60082,304,1,"NAN","NAN","NAN","NAN","NAN","NAN","NAN","NAN","NAN"
"2025-03-06 19:30:00",15481,12.59998,304,1,"NAN","NAN","NAN","NAN","NAN","NAN","NAN","NAN","NAN"
"2025-03-06 20:00:00",15482,12.59494,304,1,"NAN","NAN","NAN","NAN","NAN","NAN","NAN","NAN","NAN"
"2025-03-06 20:30:00",15483,12.59494,304,1,"NAN","NAN","NAN","NAN","NAN","NAN","NAN","NAN","NAN"
"2025-03-06 21:00:00",15484,12.55884,304,1,"NAN","NAN","NAN","NAN","NAN","NAN","NAN","NAN","NAN"
"2025-03-06 21:30:00",15485,12.58571,304,1,"NAN","NAN","NAN","NAN","NAN","NAN","NAN","NAN","NAN"
"2025-03-06 22:00:00",15486,12.58403,304,1,"NAN","NAN","NAN","NAN","NAN","NAN","NAN","NAN","NAN"
"2025-03-06 22:30:00",15487,12.58319,304,1,"NAN","NAN","NAN","NAN","NAN","NAN","NAN","NAN","NAN"
"2025-03-06 23:00:00",15488,12.57647,304,1,"NAN","NAN","NAN","NAN","NAN","NAN","NAN","NAN","NAN"
"2025-03-06 23:30:00",15489,12.57983,304,1,"NAN","NAN","NAN","NAN","NAN","NAN","NAN","NAN","NAN"
"2025-03-07 00:00:00",15490,12.57144,304,1,"NAN","NAN","NAN","NAN","NAN","NAN","NAN","NAN","NAN"
"2025-03-07 00:30:00",15491,12.57563,304,1,"NAN","NAN","NAN","NAN","NAN","NAN","NAN","NAN","NAN"
"2025-03-07 01:00:00",15492,12.57479,304,1,"NAN","NAN","NAN","NAN","NAN","NAN","NAN","NAN","NAN"
"2025-03-07 01:30:00",15493,12.56976,304,1,"NAN","NAN","NAN","NAN","NAN","NAN","NAN","NAN","NAN"
"2025-03-07 02:00:00",15494,12.5706,304,1,"NAN","NAN","NAN","NAN","NAN","NAN","NAN","NAN","NAN"
"2025-03-07 02:30:00",15495,12.56556,304,1,"NAN","NAN","NAN","NAN","NAN","NAN","NAN","NAN","NAN"
"2025-03-07 03:00:00",15496,12.5664,304,1,"NAN","NAN","NAN","NAN","NAN","NAN","NAN","NAN","NAN"
"2025-03-07 03:30:00",15497,12.56388,304,1,"NAN","NAN","NAN","NAN","NAN","NAN","NAN","NAN","NAN"
"2025-03-07 04:00:00",15498,12.55129,304,1,"NAN","NAN","NAN","NAN","NAN","NAN","NAN","NAN","NAN"
"2025-03-07 04:30:00",15499,12.55884,304,1,"NAN","NAN","NAN","NAN","NAN","NAN","NAN","NAN","NAN"
"2025-03-07 05:00:00",15500,12.55801,304,1,"NAN","NAN","NAN","NAN","NAN","NAN","NAN","NAN","NAN"
"2025-03-07 05:30:00",15501,12.55884,304,1,"NAN","NAN","NAN","NAN","NAN","NAN","NAN","NAN","NAN"
"2025-03-07 06:00:00",15502,12.54206,304,1,"NAN","NAN","NAN","NAN","NAN","NAN","NAN","NAN","NAN"
"2025-03-07 06:30:00",15503,12.54457,304,1,"NAN","NAN","NAN","NAN","NAN","NAN","NAN","NAN","NAN"
"2025-03-07 07:00:00",15504,12.51184,304,1,"NAN","NAN","NAN","NAN","NAN","NAN","NAN","NAN","NAN"
"2025-03-07 07:30:00",15505,12.55045,304,1,"NAN","NAN","NAN","NAN","NAN","NAN","NAN","NAN","NAN"
"2025-03-07 08:00:00",15506,12.54961,304,1,"NAN","NAN","NAN","NAN","NAN","NAN","NAN","NAN","NAN"
"2025-03-07 08:30:00",15507,12.55045,304,1,"NAN","NAN","NAN","NAN","NAN","NAN","NAN","NAN","NAN"
"2025-03-07 09:00:00",15508,12.55633,304,1,"NAN","NAN","NAN","NAN","NAN","NAN","NAN","NAN","NAN"
"2025-03-07 09:30:00",15509,12.56136,304,1,"NAN","NAN","NAN","NAN","NAN","NAN","NAN","NAN","NAN"
"2025-03-07 10:00:00",15510,12.56388,304,1,"NAN","NAN","NAN","NAN","NAN","NAN","NAN","NAN","NAN"
"2025-03-07 10:30:00",15511,12.5664,304,1,"NAN","NAN","NAN","NAN","NAN","NAN","NAN","NAN","NAN"
"2025-03-07 11:00:00",15512,12.57395,304,1,"NAN","NAN","NAN","NAN","NAN","NAN","NAN","NAN","NAN"
"2025-03-07 11:30:00",15513,12.57312,304,1,"NAN","NAN","NAN","NAN","NAN","NAN","NAN","NAN","NAN"
"2025-03-07 12:00:00",15514,12.57479,304,1,"NAN","NAN","NAN","NAN","NAN","NAN","NAN","NAN","NAN"
"2025-03-07 12:30:00",15515,12.57983,304,1,"NAN","NAN","NAN","NAN","NAN","NAN","NAN","NAN","NAN"
"2025-03-07 13:00:00",15516,12.58151,304,1,"NAN","NAN","NAN","NAN","NAN","NAN","NAN","NAN","NAN"
"2025-03-07 13:30:00",15517,12.58487,304,1,"NAN","NAN","NAN","NAN","NAN","NAN","NAN","NAN","NAN"
"2025-03-07 14:00:00",15518,12.58067,304,1,"NAN","NAN","NAN","NAN","NAN","NAN","NAN","NAN","NAN"
"2025-03-07 14:30:00",15519,12.58906,304,1,"NAN","NAN","NAN","NAN","NAN","NAN","NAN","NAN","NAN"
"2025-03-07 15:00:00",15520,12.59242,304,1,"NAN","NAN","NAN","NAN","NAN","NAN","NAN","NAN","NAN"
"2025-03-07 15:30:00",15521,12.59074,304,1,"NAN","NAN","NAN","NAN","NAN","NAN","NAN","NAN","NAN"
"2025-03-07 16:00:00",15522,12.57899,304,1,"NAN","NAN","NAN","NAN","NAN","NAN","NAN","NAN","NAN"
"2025-03-07 16:30:00",15523,12.59158,304,1,"NAN","NAN","NAN","NAN","NAN","NAN","NAN","NAN","NAN"
"2025-03-07 17:00:00",15524,12.5899,304,1,"NAN","NAN","NAN","NAN","NAN","NAN","NAN","NAN","NAN"
"2025-03-07 17:30:00",15525,12.58487,304,1,"NAN","NAN","NAN","NAN","NAN","NAN","NAN","NAN","NAN"
"2025-03-07 18:00:00",15526,12.58571,304,1,"NAN","NAN","NAN","NAN","NAN","NAN","NAN","NAN","NAN"
"2025-03-07 18:30:00",15527,12.58487,304,1,"NAN","NAN","NAN","NAN","NAN","NAN","NAN","NAN","NAN"
"2025-03-07 19:00:00",15528,12.57815,304,1,"NAN","NAN","NAN","NAN","NAN","NAN","NAN","NAN","NAN"
"2025-03-07 19:30:00",15529,12.57228,304,1,"NAN","NAN","NAN","NAN","NAN","NAN","NAN","NAN","NAN"
"2025-03-07 20:00:00",15530,12.56556,304,1,"NAN","NAN","NAN","NAN","NAN","NAN","NAN","NAN","NAN"
"2025-03-07 20:30:00",15531,12.56556,304,1,"NAN","NAN","NAN","NAN","NAN","NAN","NAN","NAN","NAN"
"2025-03-07 21:00:00",15532,12.5664,304,1,"NAN","NAN","NAN","NAN","NAN","NAN","NAN","NAN","NAN"
"2025-03-07 21:30:00",15533,12.56388,304,1,"NAN","NAN","NAN","NAN","NAN","NAN","NAN","NAN","NAN"
"2025-03-07 22:00:00",15534,12.55129,304,1,"NAN","NAN","NAN","NAN","NAN","NAN","NAN","NAN","NAN"
"2025-03-07 22:30:00",15535,12.55717,304,1,"NAN","NAN","NAN","NAN","NAN","NAN","NAN","NAN","NAN"
"2025-03-07 23:00:00",15536,12.55717,304,1,"NAN","NAN","NAN","NAN","NAN","NAN","NAN","NAN","NAN"
"2025-03-07 23:30:00",15537,12.55717,304,1,"NAN","NAN","NAN","NAN","NAN","NAN","NAN","NAN","NAN"
"2025-03-08 00:00:00",15538,12.55381,304,1,"NAN","NAN","NAN","NAN","NAN","NAN","NAN","NAN","NAN"
"2025-03-08 00:30:00",15539,12.56388,304,1,"NAN","NAN","NAN","NAN","NAN","NAN","NAN","NAN","NAN"
"2025-03-08 01:00:00",15540,12.56472,304,1,"NAN","NAN","NAN","NAN","NAN","NAN","NAN","NAN","NAN"
"2025-03-08 01:30:00",15541,12.52443,304,1,"NAN","NAN","NAN","NAN","NAN","NAN","NAN","NAN","NAN"
"2025-03-08 02:00:00",15542,12.56808,304,1,"NAN","NAN","NAN","NAN","NAN","NAN","NAN","NAN","NAN"
"2025-03-08 02:30:00",15543,12.5622,304,1,"NAN","NAN","NAN","NAN","NAN","NAN","NAN","NAN","NAN"
"2025-03-08 03:00:00",15544,12.56304,304,1,"NAN","NAN","NAN","NAN","NAN","NAN","NAN","NAN","NAN"
"2025-03-08 03:30:00",15545,12.55633,304,1,"NAN","NAN","NAN","NAN","NAN","NAN","NAN","NAN","NAN"
"2025-03-08 04:00:00",15546,12.56136,304,1,"NAN","NAN","NAN","NAN","NAN","NAN","NAN","NAN","NAN"
"2025-03-08 04:30:00",15547,12.55884,304,1,"NAN","NAN","NAN","NAN","NAN","NAN","NAN","NAN","NAN"
"2025-03-08 05:00:00",15548,12.55633,304,1,"NAN","NAN","NAN","NAN","NAN","NAN","NAN","NAN","NAN"
"2025-03-08 05:30:00",15549,12.55213,304,1,"NAN","NAN","NAN","NAN","NAN","NAN","NAN","NAN","NAN"
"2025-03-08 06:00:00",15550,12.51687,304,1,"NAN","NAN","NAN","NAN","NAN","NAN","NAN","NAN","NAN"
"2025-03-08 06:30:00",15551,12.54961,304,1,"NAN","NAN","NAN","NAN","NAN","NAN","NAN","NAN","NAN"
"2025-03-08 07:00:00",15552,12.54625,304,1,"NAN","NAN","NAN","NAN","NAN","NAN","NAN","NAN","NAN"
"2025-03-08 07:30:00",15553,12.54961,304,1,"NAN","NAN","NAN","NAN","NAN","NAN","NAN","NAN","NAN"
"2025-03-08 08:00:00",15554,12.54961,304,1,"NAN","NAN","NAN","NAN","NAN","NAN","NAN","NAN","NAN"
"2025-03-08 08:30:00",15555,12.55381,304,1,"NAN","NAN","NAN","NAN","NAN","NAN","NAN","NAN","NAN"
"2025-03-08 09:00:00",15556,12.55549,304,1,"NAN","NAN","NAN","NAN","NAN","NAN","NAN","NAN","NAN"
"2025-03-08 09:30:00",15557,12.55633,304,1,"NAN","NAN","NAN","NAN","NAN","NAN","NAN","NAN","NAN"
"2025-03-08 10:00:00",15558,12.52275,304,1,"NAN","NAN","NAN","NAN","NAN","NAN","NAN","NAN","NAN"
"2025-03-08 10:30:00",15559,12.56556,304,1,"NAN","NAN","NAN","NAN","NAN","NAN","NAN","NAN","NAN"
"2025-03-08 11:00:00",15560,12.56724,304,1,"NAN","NAN","NAN","NAN","NAN","NAN","NAN","NAN","NAN"
"2025-03-08 11:30:00",15561,12.57228,304,1,"NAN","NAN","NAN","NAN","NAN","NAN","NAN","NAN","NAN"
"2025-03-08 12:00:00",15562,12.57479,304,1,"NAN","NAN","NAN","NAN","NAN","NAN","NAN","NAN","NAN"
"2025-03-08 12:30:00",15563,12.5706,304,1,"NAN","NAN","NAN","NAN","NAN","NAN","NAN","NAN","NAN"
"2025-03-08 13:00:00",15564,12.57395,304,1,"NAN","NAN","NAN","NAN","NAN","NAN","NAN","NAN","NAN"
"2025-03-08 13:30:00",15565,12.57563,304,1,"NAN","NAN","NAN","NAN","NAN","NAN","NAN","NAN","NAN"
"2025-03-08 14:00:00",15566,12.57144,304,1,"NAN","NAN","NAN","NAN","NAN","NAN","NAN","NAN","NAN"
"2025-03-08 14:30:00",15567,12.57479,304,1,"NAN","NAN","NAN","NAN","NAN","NAN","NAN","NAN","NAN"
"2025-03-08 15:00:00",15568,12.5706,304,1,"NAN","NAN","NAN","NAN","NAN","NAN","NAN","NAN","NAN"
"2025-03-08 15:30:00",15569,12.56304,304,1,"NAN","NAN","NAN","NAN","NAN","NAN","NAN","NAN","NAN"
"2025-03-08 16:00:00",15570,12.57312,304,1,"NAN","NAN","NAN","NAN","NAN","NAN","NAN","NAN","NAN"
"2025-03-08 16:30:00",15571,12.5706,304,1,"NAN","NAN","NAN","NAN","NAN","NAN","NAN","NAN","NAN"
"2025-03-08 17:00:00",15572,12.5664,304,1,"NAN","NAN","NAN","NAN","NAN","NAN","NAN","NAN","NAN"
"2025-03-08 17:30:00",15573,12.56556,304,1,"NAN","NAN","NAN","NAN","NAN","NAN","NAN","NAN","NAN"
"2025-03-08 18:00:00",15574,12.55884,304,1,"NAN","NAN","NAN","NAN","NAN","NAN","NAN","NAN","NAN"
"2025-03-08 18:30:00",15575,12.55717,304,1,"NAN","NAN","NAN","NAN","NAN","NAN","NAN","NAN","NAN"
"2025-03-08 19:00:00",15576,12.55213,304,1,"NAN","NAN","NAN","NAN","NAN","NAN","NAN","NAN","NAN"
"2025-03-08 19:30:00",15577,12.54541,304,1,"NAN","NAN","NAN","NAN","NAN","NAN","NAN","NAN","NAN"
"2025-03-08 20:00:00",15578,12.5303,304,1,"NAN","NAN","NAN","NAN","NAN","NAN","NAN","NAN","NAN"
"2025-03-08 20:30:00",15579,12.53786,304,1,"NAN","NAN","NAN","NAN","NAN","NAN","NAN","NAN","NAN"
"2025-03-08 21:00:00",15580,12.53702,304,1,"NAN","NAN","NAN","NAN","NAN","NAN","NAN","NAN","NAN"
"2025-03-08 21:30:00",15581,12.53198,304,1,"NAN","NAN","NAN","NAN","NAN","NAN","NAN","NAN","NAN"
"2025-03-08 22:00:00",15582,12.51855,304,1,"NAN","NAN","NAN","NAN","NAN","NAN","NAN","NAN","NAN"
"2025-03-08 22:30:00",15583,12.52443,304,1,"NAN","NAN","NAN","NAN","NAN","NAN","NAN","NAN","NAN"
"2025-03-08 23:00:00",15584,12.52359,304,1,"NAN","NAN","NAN","NAN","NAN","NAN","NAN","NAN","NAN"
"2025-03-08 23:30:00",15585,12.51939,304,1,"NAN","NAN","NAN","NAN","NAN","NAN","NAN","NAN","NAN"
"2025-03-09 00:00:00",15586,12.51855,304,1,"NAN","NAN","NAN","NAN","NAN","NAN","NAN","NAN","NAN"
"2025-03-09 00:30:00",15587,12.51603,304,1,"NAN","NAN","NAN","NAN","NAN","NAN","NAN","NAN","NAN"
"2025-03-09 01:00:00",15588,12.51519,304,1,"NAN","NAN","NAN","NAN","NAN","NAN","NAN","NAN","NAN"
"2025-03-09 01:30:00",15589,12.47406,304,1,"NAN","NAN","NAN","NAN","NAN","NAN","NAN","NAN","NAN"
"2025-03-09 02:00:00",15590,12.51016,304,1,"NAN","NAN","NAN","NAN","NAN","NAN","NAN","NAN","NAN"
"2025-03-09 02:30:00",15591,12.50596,304,1,"NAN","NAN","NAN","NAN","NAN","NAN","NAN","NAN","NAN"
"2025-03-09 03:00:00",15592,12.50512,304,1,"NAN","NAN","NAN","NAN","NAN","NAN","NAN","NAN","NAN"
"2025-03-09 03:30:00",15593,12.46483,304,1,"NAN","NAN","NAN","NAN","NAN","NAN","NAN","NAN","NAN"
"2025-03-09 04:00:00",15594,12.49924,304,1,"NAN","NAN","NAN","NAN","NAN","NAN","NAN","NAN","NAN"
"2025-03-09 04:30:00",15595,12.48665,304,1,"NAN","NAN","NAN","NAN","NAN","NAN","NAN","NAN","NAN"
"2025-03-09 05:00:00",15596,12.49169,304,1,"NAN","NAN","NAN","NAN","NAN","NAN","NAN","NAN","NAN"
"2025-03-09 05:30:00",15597,12.48917,304,1,"NAN","NAN","NAN","NAN","NAN","NAN","NAN","NAN","NAN"
"2025-03-09 06:00:00",15598,12.48917,304,1,"NAN","NAN","NAN","NAN","NAN","NAN","NAN","NAN","NAN"
"2025-03-09 06:30:00",15599,12.48665,304,1,"NAN","NAN","NAN","NAN","NAN","NAN","NAN","NAN","NAN"
"2025-03-09 07:00:00",15600,12.44804,304,1,"NAN","NAN","NAN","NAN","NAN","NAN","NAN","NAN","NAN"
"2025-03-09 07:30:00",15601,12.48833,304,1,"NAN","NAN","NAN","NAN","NAN","NAN","NAN","NAN","NAN"
"2025-03-09 08:00:00",15602,12.48749,304,1,"NAN","NAN","NAN","NAN","NAN","NAN","NAN","NAN","NAN"
"2025-03-09 08:30:00",15603,12.49169,304,1,"NAN","NAN","NAN","NAN","NAN","NAN","NAN","NAN","NAN"
"2025-03-09 09:00:00",15604,12.45391,304,1,"NAN","NAN","NAN","NAN","NAN","NAN","NAN","NAN","NAN"
"2025-03-09 09:30:00",15605,12.5026,304,1,"NAN","NAN","NAN","NAN","NAN","NAN","NAN","NAN","NAN"
"2025-03-09 10:00:00",15606,12.50512,304,1,"NAN","NAN","NAN","NAN","NAN","NAN","NAN","NAN","NAN"
"2025-03-09 10:30:00",15607,12.50932,304,1,"NAN","NAN","NAN","NAN","NAN","NAN","NAN","NAN","NAN"
"2025-03-09 11:00:00",15608,12.51687,304,1,"NAN","NAN","NAN","NAN","NAN","NAN","NAN","NAN","NAN"
"2025-03-09 11:30:00",15609,12.52023,304,1,"NAN","NAN","NAN","NAN","NAN","NAN","NAN","NAN","NAN"
"2025-03-09 12:00:00",15610,12.52779,304,1,"NAN","NAN","NAN","NAN","NAN","NAN","NAN","NAN","NAN"
"2025-03-09 12:30:00",15611,12.53282,304,1,"NAN","NAN","NAN","NAN","NAN","NAN","NAN","NAN","NAN"
"2025-03-09 13:00:00",15612,12.5345,304,1,"NAN","NAN","NAN","NAN","NAN","NAN","NAN","NAN","NAN"
"2025-03-09 13:30:00",15613,12.5345,304,1,"NAN","NAN","NAN","NAN","NAN","NAN","NAN","NAN","NAN"
"2025-03-09 14:00:00",15614,12.54038,304,1,"NAN","NAN","NAN","NAN","NAN","NAN","NAN","NAN","NAN"
"2025-03-09 14:30:00",15615,12.53786,304,1,"NAN","NAN","NAN","NAN","NAN","NAN","NAN","NAN","NAN"
"2025-03-09 15:00:00",15616,12.53114,304,1,"NAN","NAN","NAN","NAN","NAN","NAN","NAN","NAN","NAN"
"2025-03-09 15:30:00",15617,12.53786,304,1,"NAN","NAN","NAN","NAN","NAN","NAN","NAN","NAN","NAN"
"2025-03-09 16:00:00",15618,12.5429,304,1,"NAN","NAN","NAN","NAN","NAN","NAN","NAN","NAN","NAN"
"2025-03-09 16:30:00",15619,12.53618,304,1,"NAN","NAN","NAN","NAN","NAN","NAN","NAN","NAN","NAN"
"2025-03-09 17:00:00",15620,12.53954,304,1,"NAN","NAN","NAN","NAN","NAN","NAN","NAN","NAN","NAN"
"2025-03-09 17:30:00",15621,12.49841,304,1,"NAN","NAN","NAN","NAN","NAN","NAN","NAN","NAN","NAN"
"2025-03-09 18:00:00",15622,12.52779,304,1,"NAN","NAN","NAN","NAN","NAN","NAN","NAN","NAN","NAN"
"2025-03-09 18:30:00",15623,12.52275,304,1,"NAN","NAN","NAN","NAN","NAN","NAN","NAN","NAN","NAN"
"2025-03-09 19:00:00",15624,12.51855,304,1,"NAN","NAN","NAN","NAN","NAN","NAN","NAN","NAN","NAN"
"2025-03-09 19:30:00",15625,12.51855,304,1,"NAN","NAN","NAN","NAN","NAN","NAN","NAN","NAN","NAN"
"2025-03-09 20:00:00",15626,12.511,304,1,"NAN","NAN","NAN","NAN","NAN","NAN","NAN","NAN","NAN"
"2025-03-09 20:30:00",15627,12.5068,304,1,"NAN","NAN","NAN","NAN","NAN","NAN","NAN","NAN","NAN"
"2025-03-09 21:00:00",15628,12.50092,304,1,"NAN","NAN","NAN","NAN","NAN","NAN","NAN","NAN","NAN"
"2025-03-09 21:30:00",15629,12.5026,304,1,"NAN","NAN","NAN","NAN","NAN","NAN","NAN","NAN","NAN"
"2025-03-09 22:00:00",15630,12.45811,304,1,"NAN","NAN","NAN","NAN","NAN","NAN","NAN","NAN","NAN"
"2025-03-09 22:30:00",15631,12.49505,304,1,"NAN","NAN","NAN","NAN","NAN","NAN","NAN","NAN","NAN"
"2025-03-09 23:00:00",15632,12.49253,304,1,"NAN","NAN","NAN","NAN","NAN","NAN","NAN","NAN","NAN"
"2025-03-09 23:30:00",15633,12.49337,304,1,"NAN","NAN","NAN","NAN","NAN","NAN","NAN","NAN","NAN"
"2025-03-10 00:00:00",15634,12.45727,304,1,"NAN","NAN","NAN","NAN","NAN","NAN","NAN","NAN","NAN"
"2025-03-10 00:30:00",15635,12.48749,304,1,"NAN","NAN","NAN","NAN","NAN","NAN","NAN","NAN","NAN"
"2025-03-10 01:00:00",15636,12.48497,304,1,"NAN","NAN","NAN","NAN","NAN","NAN","NAN","NAN","NAN"
"2025-03-10 01:30:00",15637,12.48246,304,1,"NAN","NAN","NAN","NAN","NAN","NAN","NAN","NAN","NAN"
"2025-03-10 02:00:00",15638,12.44468,304,1,"NAN","NAN","NAN","NAN","NAN","NAN","NAN","NAN","NAN"
"2025-03-10 02:30:00",15639,12.47742,304,1,"NAN","NAN","NAN","NAN","NAN","NAN","NAN","NAN","NAN"
"2025-03-10 03:00:00",15640,12.47574,304,1,"NAN","NAN","NAN","NAN","NAN","NAN","NAN","NAN","NAN"
"2025-03-10 03:30:00",15641,12.46986,304,1,"NAN","NAN","NAN","NAN","NAN","NAN","NAN","NAN","NAN"
"2025-03-10 04:00:00",15642,12.4791,304,1,"NAN","NAN","NAN","NAN","NAN","NAN","NAN","NAN","NAN"
"2025-03-10 04:30:00",15643,12.47238,304,1,"NAN","NAN","NAN","NAN","NAN","NAN","NAN","NAN","NAN"
"2025-03-10 05:00:00",15644,12.46986,304,1,"NAN","NAN","NAN","NAN","NAN","NAN","NAN","NAN","NAN"
"2025-03-10 05:30:00",15645,12.46986,304,1,"NAN","NAN","NAN","NAN","NAN","NAN","NAN","NAN","NAN"
"2025-03-10 06:00:00",15646,12.46147,304,1,"NAN","NAN","NAN","NAN","NAN","NAN","NAN","NAN","NAN"
"2025-03-10 06:30:00",15647,12.46483,304,1,"NAN","NAN","NAN","NAN","NAN","NAN","NAN","NAN","NAN"
"2025-03-10 07:00:00",15648,12.45979,304,1,"NAN","NAN","NAN","NAN","NAN","NAN","NAN","NAN","NAN"
"2025-03-10 07:30:00",15649,12.45895,304,1,"NAN","NAN","NAN","NAN","NAN","NAN","NAN","NAN","NAN"
"2025-03-10 08:00:00",15650,12.46063,304,1,"NAN","NAN","NAN","NAN","NAN","NAN","NAN","NAN","NAN"
"2025-03-10 08:30:00",15651,12.46986,304,1,"NAN","NAN","NAN","NAN","NAN","NAN","NAN","NAN","NAN"
"2025-03-10 09:00:00",15652,12.4791,304,1,"NAN","NAN","NAN","NAN","NAN","NAN","NAN","NAN","NAN"
"2025-03-10 09:30:00",15653,12.47826,304,1,"NAN","NAN","NAN","NAN","NAN","NAN","NAN","NAN","NAN"
"2025-03-10 10:00:00",15654,12.48497,304,1,"NAN","NAN","NAN","NAN","NAN","NAN","NAN","NAN","NAN"
"2025-03-10 10:30:00",15655,12.49673,304,1,"NAN","NAN","NAN","NAN","NAN","NAN","NAN","NAN","NAN"
"2025-03-10 11:00:00",15656,12.50092,304,1,"NAN","NAN","NAN","NAN","NAN","NAN","NAN","NAN","NAN"
"2025-03-10 11:30:00",15657,12.51435,304,1,"NAN","NAN","NAN","NAN","NAN","NAN","NAN","NAN","NAN"
